,open_interest_all,prod_merc_positions_long,prod_merc_positions_short,swap_positions_long_all,swap__positions_short_all,m_money_positions_long_all,m_money_positions_short_all,other_rept_positions_long,other_rept_positions_short,prod_merc_net,swap_net,m_money_net,other_rept_net,Close,High,Low,Open,Volume
2006-06-13,379960,68531,124789,101559,6484,37243,50601,31928,21799,-56258,95075,-13358,10129,595.75,600.75,593.5,600.5,1498
2006-06-20,374060,75205,126499,104549,6967,34275,53156,28041,21232,-51294,97582,-18881,6809,585.25,586.75,583.25,584.5,662
2006-06-27,351200,81537,109652,102040,7522,31123,69349,21809,17898,-28115,94518,-38226,3911,578.0,572.5,569.0,569.0,575
2006-07-03,331145,58929,107857,102262,6796,33989,50089,24669,20481,-48928,95466,-16100,4188,601.5,605.0,600.0,602.5,769
2006-07-11,339653,60900,125781,103460,6066,42301,46054,22565,22742,-64881,97394,-3753,-177,607.0,610.0,606.0,606.0,651
2006-07-18,332154,65722,126321,102898,6620,39753,41479,20245,25835,-60599,96278,-1726,-5590,589.0,593.0,589.0,590.75,725
2006-07-25,329423,63964,118010,104989,7114,41506,49660,17455,27310,-54046,97875,-8154,-9855,585.25,590.0,584.5,584.5,756
2006-08-01,342520,66209,107956,109607,7555,43942,68352,18060,29183,-41747,102052,-24410,-11123,573.5,579.0,573.5,578.0,250
2006-08-08,340431,65980,102628,107121,6730,45943,76473,19953,30663,-36648,100391,-30530,-10710,557.5,564.0,558.0,564.0,312
2006-08-15,343399,74397,104128,105176,7722,44729,79750,18641,27946,-29731,97454,-35021,-9305,556.5,558.0,553.75,556.25,718
2006-08-22,354380,76873,112556,106608,7402,45989,80566,17226,24074,-35683,99206,-34577,-6848,549.25,550.0,547.0,548.0,1360
2006-08-29,360481,80075,115545,107615,7603,44135,81459,20260,22712,-35470,100012,-37324,-2452,537.0,540.5,536.75,537.25,2566
2006-09-05,358095,78244,112326,110486,8672,46840,82163,21426,26287,-34082,101814,-35323,-4861,541.25,549.5,538.0,538.0,452
2006-09-12,355804,81681,113784,111013,8730,47097,86619,21366,25335,-32103,102283,-39522,-3969,527.25,527.25,527.25,527.25,206
2006-09-19,360125,81313,114819,110658,8924,45358,86637,21823,22843,-33506,101734,-41279,-1020,544.25,555.0,543.5,552.5,21133
2006-09-26,366727,85589,118528,110794,8279,41982,84162,22051,22925,-32939,102515,-42180,-874,546.75,550.5,544.25,544.5,15443
2006-10-03,379185,89792,125728,111628,9285,38175,83263,25912,19220,-35936,102343,-45088,6692,542.5,545.0,540.5,545.0,29368
2006-10-10,378618,89809,153201,110998,6663,41960,66651,26232,19308,-63392,104335,-24691,6924,560.5,574.5,560.0,572.0,25659
2006-10-17,396327,86329,175419,107960,4441,48584,50053,30592,18096,-89090,103519,-1469,12496,600.5,603.25,587.5,588.25,27508
2006-10-24,384774,82134,189410,108638,2762,48479,31117,32353,18933,-107276,105876,17362,13420,623.5,625.5,614.25,617.0,16232
2006-10-31,375802,86629,188393,110458,1319,54823,27022,13417,18461,-101764,109139,27801,-5044,630.25,641.0,630.0,639.0,6353
2006-11-07,385229,78274,197944,113212,1249,62503,25009,15389,18984,-119670,111963,37494,-3595,654.75,657.75,645.5,649.5,779
2006-11-14,394104,85404,204253,112492,1183,68233,27162,19038,20116,-118849,111309,41071,-1078,656.0,655.0,645.0,645.0,30446
2006-11-21,393988,88038,199701,113372,1161,65650,28518,20276,21513,-111663,112211,37132,-1237,673.0,673.75,666.5,667.75,21301
2006-11-28,410571,81064,210677,114655,945,69156,28103,26656,19450,-129613,113710,41053,7206,686.25,689.75,681.75,688.25,23359
2006-12-05,418234,84078,216299,114902,855,63020,27884,29056,15805,-132221,114047,35136,13251,664.25,665.5,655.25,657.5,28933
2006-12-12,425133,71069,212029,116262,1018,69259,26622,30677,18406,-140960,115244,42637,12271,663.0,670.0,661.25,667.25,31137
2006-12-19,423743,79847,219805,116714,943,63966,26926,32656,15388,-139958,115771,37040,17268,653.5,654.25,647.0,647.25,9349
2006-12-26,397897,69585,211004,115870,1197,63792,22662,28181,14569,-141419,114673,41130,13612,671.5,675.75,663.0,663.0,5513
2007-01-03,398484,54882,217669,118474,943,71411,24476,35359,11012,-162787,117531,46935,24347,669.25,682.5,668.25,680.75,3387
2007-01-09,391999,54202,210631,119202,1154,70947,24718,33683,13776,-156429,118048,46229,19907,653.5,663.0,650.0,663.0,846
2007-01-16,416414,55773,222855,119777,1148,77788,26621,37040,15474,-167082,118629,51167,21566,708.5,721.0,705.5,716.0,53747
2007-01-23,430593,50550,236463,124162,723,93149,28073,36024,13132,-185913,123439,65076,22892,727.25,727.5,716.5,717.5,40223
2007-01-30,441976,51723,243800,124055,3,93811,24148,34681,12303,-192077,124052,69663,22378,721.0,722.0,706.5,710.0,34622
2007-02-06,461503,52301,261104,127835,3,102454,21765,41286,14285,-208803,127832,80689,27001,738.75,746.75,737.0,739.0,49853
2007-02-13,475776,54576,258924,128344,253,102856,22931,43372,20133,-204348,128091,79925,23239,755.0,755.75,743.25,744.25,39359
2007-02-20,496764,61877,272799,131107,353,106536,25797,42076,18258,-210922,130754,80739,23818,771.0,772.25,762.5,766.75,27356
2007-02-27,488437,59017,277356,129227,353,105358,17212,43162,19925,-218339,128874,88146,23237,763.5,779.5,756.0,778.0,5631
2007-03-06,464840,69211,263449,126173,503,81844,22169,43830,16384,-194238,125670,59675,27446,733.0,739.0,732.0,736.0,2208
2007-03-13,462504,67053,269826,126219,962,85035,15516,43531,16984,-202773,125257,69519,26547,744.0,757.5,743.0,753.0,158
2007-03-20,474073,71876,275351,124494,1706,87123,15709,46303,16786,-203475,122788,71414,29517,764.75,765.25,756.75,759.5,30703
2007-03-27,480346,80835,284521,122735,2295,89593,16482,47794,16794,-203686,120440,73111,31000,757.0,761.75,754.75,758.0,23125
2007-04-03,489702,84928,294959,127013,2165,91401,17243,48527,16306,-210031,124848,74158,32221,763.75,782.75,760.75,778.5,46556
2007-04-10,483434,88080,281152,125915,2131,80658,19854,52396,18058,-193072,123784,60804,34338,742.5,753.0,740.25,749.25,58787
2007-04-17,482956,92408,271302,124806,2298,72884,18471,48511,18243,-178894,122508,54413,30268,724.0,737.75,722.5,735.5,23840
2007-04-24,444969,88293,239036,122638,2298,59235,24732,40337,12737,-150743,120340,34503,27600,709.75,721.25,709.25,720.0,9279
2007-05-01,429319,77473,239844,124027,2514,66613,22772,44115,12521,-162371,121513,43841,31594,741.25,743.75,724.5,728.5,6645
2007-05-08,428623,74003,237898,124807,2606,65471,23490,46309,12369,-163895,122201,41981,33940,726.0,730.0,722.0,730.0,1118
2007-05-15,454835,75386,268018,126120,2328,83493,19414,48022,13448,-192632,123792,64079,34574,778.0,781.5,765.5,766.75,43297
2007-05-22,486231,73780,293590,132769,2541,109781,22902,45744,14071,-219810,130228,86879,31673,793.25,802.0,791.25,798.0,39294
2007-05-29,513389,77853,307103,134569,2871,119218,27519,51342,18943,-229250,131698,91699,32399,797.5,813.75,796.75,809.0,43082
2007-06-05,551445,77134,330622,138143,2980,130164,27595,59210,18714,-253488,135163,102569,40496,828.25,830.0,816.75,822.0,59086
2007-06-12,555547,73930,326710,135759,3311,129388,30452,58142,17864,-252780,132448,98936,40278,826.5,832.5,822.75,826.25,49004
2007-06-19,564214,75057,326870,135631,3273,128284,30070,61599,17279,-251813,132358,98214,44320,829.0,856.5,826.75,855.0,38664
2007-06-26,537815,78005,314972,135680,3298,113877,20143,49321,18348,-236967,132382,93734,30973,807.0,811.75,798.75,803.25,24627
2007-07-03,532745,76404,316691,137657,3137,115444,22640,53898,19109,-240287,134520,92804,34789,850.5,866.5,849.25,865.5,7599
2007-07-10,543396,75156,330317,139917,2760,125296,23008,57506,20801,-255161,137157,102288,36705,889.0,887.75,865.0,865.0,6866
2007-07-17,554480,82907,338671,144958,1378,117558,22870,60069,19948,-255764,143580,94688,40121,833.75,874.0,828.5,861.75,11488
2007-07-24,528766,87562,321181,143284,1245,103297,22992,60224,21887,-233619,142039,80305,38337,820.25,828.0,813.5,818.0,5834
2007-07-31,509020,83916,307865,142323,1093,98590,27748,53606,20269,-223949,141230,70842,33337,834.0,838.0,823.5,823.5,11921
2007-08-07,497711,87044,308031,141112,1443,97193,24405,50907,19906,-220987,139669,72788,31001,838.5,839.5,824.0,826.75,3131
2007-08-14,502421,86810,310666,137897,1638,103279,26750,52096,19048,-223856,136259,76529,33048,850.0,860.0,845.5,860.0,4519
2007-08-21,487792,90763,290794,137066,1877,80132,28155,59248,15106,-200031,135189,51977,44142,815.75,824.25,811.5,811.5,5469
2007-08-28,489777,90324,294966,136907,1597,84475,24726,55668,14266,-204642,135310,59749,41402,855.25,860.0,848.25,850.0,6675
2007-09-04,495206,86567,299573,141965,1657,90303,25283,55266,17688,-213006,140308,65020,37578,892.5,899.25,875.25,875.25,6867
2007-09-11,501872,90607,306465,145854,1688,96033,26130,52459,19189,-215858,144166,69903,33270,905.0,902.0,899.75,900.0,1528
2007-09-18,528123,99572,319768,146211,1786,104730,31007,52565,18546,-220196,144425,73723,34019,969.5,977.75,960.25,966.0,58259
2007-09-25,553678,102023,337230,148843,1715,108792,27689,58117,15664,-235207,147128,81103,42453,973.0,982.75,970.0,975.75,47776
2007-10-02,570934,100869,334643,148323,1567,114849,29023,57432,15259,-233774,146756,85826,42173,943.75,994.0,941.5,991.25,110060
2007-10-09,570647,105195,338027,146610,1700,112330,25698,59112,14635,-232832,144910,86632,44477,950.25,952.75,922.0,923.0,81044
2007-10-16,577823,106510,344615,153139,1405,109509,25968,60977,16924,-238105,151734,83541,44053,977.5,994.0,974.25,986.5,44789
2007-10-23,585945,115244,355805,155696,1465,110845,26625,60454,18815,-240561,154231,84220,41639,981.75,988.0,976.25,976.5,53611
2007-10-30,575413,111728,369582,161569,2798,121525,7144,41115,19390,-257854,158771,114381,21725,992.0,1010.25,990.5,1008.5,42021
2007-11-06,573768,106405,376791,163314,2851,132438,6248,39649,20154,-270386,160463,126190,19495,1029.5,1036.5,1004.0,1005.75,9222
2007-11-13,587804,117896,390407,164890,2736,132026,6460,42990,19469,-272511,162154,125566,23521,1044.25,1046.75,1031.5,1031.5,1907
2007-11-20,603146,114150,391020,170596,2750,135986,4809,49057,27328,-276870,167846,131177,21729,1087.0,1088.25,1053.0,1069.0,56462
2007-11-27,591839,97914,368827,171326,2622,127323,7882,49243,28591,-270913,168704,119441,20652,1091.0,1101.5,1082.5,1099.0,54722
2007-12-04,588929,85411,358476,172710,2559,130743,6382,47716,28486,-273065,170151,124361,19230,1091.5,1094.5,1078.25,1082.25,56885
2007-12-11,584420,76230,361013,171932,2682,132385,7377,51647,21377,-284783,169250,125008,30270,1135.5,1137.0,1122.0,1123.25,69557
2007-12-18,586724,79657,358365,173133,2639,129275,13615,54159,24697,-278708,170494,115660,29462,1149.75,1161.75,1146.25,1157.0,57731
2007-12-24,574967,74574,363619,174607,2453,122985,4295,56996,25930,-289045,172154,118690,31066,1181.0,1184.0,1170.0,1175.0,11239
2007-12-31,555441,69629,356734,173019,1852,121254,6607,57494,23526,-287105,171167,114647,33968,1199.0,1202.0,1180.75,1197.0,20777
2008-01-08,562878,73749,363330,174817,1827,120892,8728,61134,28155,-289581,172990,112164,32979,1256.5,1265.5,1239.25,1239.25,5332
2008-01-15,568671,84924,363578,161657,1850,124005,12668,64925,28229,-278654,159807,111337,36696,1301.5,1314.25,1281.25,1293.25,64728
2008-01-22,564184,79604,351574,165137,1957,119123,10181,64018,27830,-271970,163180,108942,36188,1239.5,1255.5,1214.0,1240.0,112662
2008-01-29,570217,83268,355026,165974,2333,114908,6513,67782,28188,-271758,163641,108395,39594,1266.75,1268.0,1247.25,1256.25,76170
2008-02-05,596086,72524,361704,174320,2441,119073,9768,75159,30271,-289180,171879,109305,44888,1323.0,1330.0,1309.5,1328.25,89741
2008-02-12,596447,71586,362672,179768,2635,118835,15864,78281,28890,-291086,177133,102971,49391,1321.0,1346.5,1306.5,1327.0,100100
2008-02-19,616048,76847,376020,183716,3054,122598,20318,79104,28638,-299173,180662,102280,50466,1398.5,1411.0,1375.0,1375.0,83917
2008-02-26,594443,72291,372757,187628,2028,113517,18204,76459,26515,-300466,185600,95313,49944,1466.75,1475.5,1425.5,1451.25,37241
2008-03-04,567980,76304,359922,187477,1987,103997,19560,71785,29241,-283618,185490,84437,42544,1494.0,1565.25,1486.0,1548.75,18623
2008-03-11,552030,91145,346944,171278,2320,102834,19479,62987,30546,-255799,168958,83355,32441,1392.5,1417.5,1375.0,1390.0,2313
2008-03-18,539598,107614,351777,159479,2551,109840,19294,56614,31367,-244163,156928,90546,25247,1307.0,1318.75,1252.75,1254.5,118504
2008-03-25,527444,102472,332521,154056,3873,104929,22285,60307,28192,-230049,150183,82644,32115,1307.0,1307.0,1269.5,1275.75,33580
2008-04-01,512579,83404,296953,147878,2759,96907,22732,58223,27635,-213549,145119,74175,30588,1211.0,1229.75,1106.5,1167.0,152342
2008-04-08,497185,78278,295751,137651,1921,93603,14923,61967,24525,-217473,135730,78680,37442,1251.5,1269.0,1245.0,1245.0,90172
2008-04-15,518020,80642,307331,144578,1995,95252,12074,61686,25068,-226689,142583,83178,36618,1380.0,1398.0,1369.0,1374.5,69358
2008-04-22,524833,82953,317272,145852,1856,104594,12647,59488,25097,-234319,143996,91947,34391,1374.75,1384.5,1307.0,1316.0,39079
2008-04-29,476613,69291,288706,146650,55,101764,16618,48177,24808,-219415,146595,85146,23369,1279.5,1294.0,1266.5,1287.0,31248
2008-05-06,457916,66841,285527,144906,82,100983,12844,45334,25620,-218686,144824,88139,19714,1264.5,1321.0,1264.5,1272.0,3864
2008-05-13,456423,61452,283520,147381,6289,102534,12989,42123,19481,-222068,141092,89545,22642,1374.5,1365.5,1331.0,1335.0,902
2008-05-20,455553,60101,278805,142263,6258,105511,14232,43466,17984,-218704,136005,91279,25482,1331.5,1363.5,1323.0,1340.5,60112
2008-05-27,459932,61109,275898,140017,6204,103382,14274,44078,18460,-214789,133813,89108,25618,1347.75,1390.0,1340.0,1384.0,66697
2008-06-03,470984,61342,279301,139856,6428,105654,12954,48080,19378,-217959,133428,92700,28702,1359.5,1384.0,1346.5,1364.75,83711
2008-06-10,489586,58008,291079,140282,6895,116734,16328,49292,23095,-233071,133387,100406,26197,1446.5,1465.75,1419.0,1453.5,108036
2008-06-17,503179,57963,288522,140416,9265,114374,16363,55735,26040,-230559,131151,98011,29695,1558.0,1566.75,1524.0,1532.75,75162
2008-06-24,476188,63239,284524,137180,6725,111476,10308,38126,19256,-221285,130455,101168,18870,1501.0,1528.75,1492.25,1519.0,54943
2008-07-01,479364,55481,287785,136244,6155,115914,10731,41452,22193,-232304,130089,105183,19259,1628.0,1630.0,1600.0,1604.75,12668
2008-07-08,472456,59603,282205,138136,6165,106966,8911,42667,24424,-222602,131971,98055,18243,1561.0,1596.0,1518.5,1596.0,3781
2008-07-15,459324,57605,272960,131494,6253,112020,11327,41174,26032,-215355,125241,100693,15142,1542.0,1604.0,1537.25,1578.0,46917
2008-07-22,431191,60350,247116,120161,7780,101315,11673,40483,25963,-186766,112381,89642,14520,1416.75,1430.75,1384.75,1410.75,32107
2008-07-29,398492,53932,225608,118313,6300,86153,9962,37373,26865,-171676,112013,76191,10508,1384.25,1407.0,1354.25,1404.75,35185
2008-08-05,393411,55495,220007,118835,6393,87868,9712,36352,29037,-164512,112442,78156,7315,1262.5,1298.0,1243.0,1274.25,3594
2008-08-12,392492,60057,210182,113081,6791,79300,14705,40363,28025,-150125,106290,64595,12338,1220.0,1225.25,1200.0,1200.0,445
2008-08-19,390464,61870,207866,109572,6588,75561,15952,43817,29575,-145996,102984,59609,14242,1267.0,1331.25,1250.0,1277.5,9677
2008-08-26,382481,56190,197865,110247,6787,76399,14886,34566,30156,-141675,103460,61513,4410,1337.5,1346.5,1302.0,1337.0,9004
2008-09-02,370781,52842,197734,110507,3973,74530,12908,34383,27940,-144892,106534,61622,6443,1301.5,1306.0,1265.5,1306.0,2261
2008-09-09,376479,61007,186801,107851,4081,68073,21968,34359,26529,-125794,103770,46105,7830,1209.0,1210.25,1163.75,1192.0,628
2008-09-16,374393,60995,187343,111637,5464,58738,21443,35639,22208,-126348,106173,37295,13431,1124.0,1179.0,1110.25,1168.75,124148
2008-09-23,355159,59656,187359,107979,3130,60444,18458,33549,21959,-127703,104849,41986,11590,1187.0,1211.0,1168.25,1203.75,90004
2008-09-30,357108,64059,180960,102743,2794,53791,20958,34905,18790,-116901,99949,32833,16115,1045.0,1096.0,1039.0,1077.75,121727
2008-10-07,358347,73490,177279,92053,5238,52965,20658,34279,15839,-103789,86815,32307,18440,926.0,951.5,916.75,922.75,116320
2008-10-14,367209,86557,182069,87160,3149,44824,22710,32427,14204,-95512,84011,22114,18223,896.0,958.0,893.25,936.5,101989
2008-10-21,360818,105350,189994,85745,850,39636,18980,23825,20538,-84644,84895,20656,3287,908.0,944.5,892.0,934.5,115614
2008-10-28,322020,89367,170876,84302,518,40557,13772,10517,16505,-81509,83784,26785,-5988,878.75,952.0,862.25,903.0,125693
2008-11-04,308399,72401,167307,84653,301,44562,11688,11617,15653,-94906,84352,32874,-4036,949.5,972.0,914.75,926.25,16594
2008-11-11,316811,73676,160623,84093,185,43689,15956,11094,15583,-86947,83908,27733,-4489,908.0,936.5,889.25,930.0,3964
2008-11-18,311824,70852,158176,81503,175,43052,14737,11489,15217,-87324,81328,28315,-3728,902.0,913.0,892.5,904.0,61865
2008-11-25,315608,74649,159657,78176,1444,47222,16549,10580,14881,-85008,76732,30673,-4301,883.0,892.75,871.0,883.5,65724
2008-12-02,316328,73568,154411,78883,1660,44681,21178,12494,14663,-80843,77223,23503,-2169,827.0,857.25,826.0,841.75,86324
2008-12-09,316006,79347,156371,76532,820,45767,21089,12909,16699,-77024,75712,24678,-3790,813.0,827.25,809.25,821.25,84377
2008-12-16,313818,78157,158186,75841,844,44643,21962,11913,13636,-80029,74997,22681,-1723,858.5,863.0,840.0,846.0,68580
2008-12-22,298713,70395,151438,75728,874,45729,20382,12121,15642,-81043,74854,25347,-3521,886.5,895.0,862.25,872.5,47926
2008-12-30,278773,55402,142448,78667,483,42722,13763,12029,14811,-87046,78184,28959,-2782,945.75,951.0,931.5,935.5,35206
2009-01-06,283833,53499,146359,80236,513,45495,13208,13102,16372,-92860,79723,32287,-3270,1014.25,1018.0,979.5,980.0,11088
2009-01-13,285407,50558,144790,79354,1024,51410,11618,13772,16918,-94232,78330,39792,-3146,969.5,988.5,961.5,961.5,1238
2009-01-20,303202,54917,148895,81989,1069,50072,15982,15179,15955,-93978,80920,34090,-776,992.0,1037.0,977.5,1018.25,101814
2009-01-27,322483,58447,162149,85822,1099,54471,14914,16133,15287,-103702,84723,39557,846,976.0,1017.25,973.0,1007.0,81612
2009-02-03,324725,54390,153959,88316,847,55448,17106,15421,16773,-99569,87469,38342,-1352,946.0,962.75,934.5,958.75,91186
2009-02-10,322897,56151,162084,87276,875,55502,15122,16962,15554,-105933,86401,40380,1408,994.0,1010.0,982.25,1000.0,84859
2009-02-17,326895,61836,159152,87563,943,50709,19615,16878,14692,-97316,86620,31094,2186,903.0,960.0,899.0,955.0,92798
2009-02-24,294087,64902,133860,78180,3102,49135,28276,10954,16885,-68958,75078,20859,-5931,881.0,881.5,865.25,870.25,39757
2009-03-03,282295,62923,122060,79537,3502,45919,32438,11093,16963,-59137,76035,13481,-5870,863.0,864.5,846.5,846.5,5498
2009-03-10,279743,60392,126169,80422,1206,44568,31411,11614,15968,-65777,79216,13157,-4354,889.0,905.0,881.0,881.0,714
2009-03-17,289249,56132,133541,82831,1380,48163,27791,18038,21705,-77409,81451,20372,-3667,913.0,921.75,902.75,908.5,74041
2009-03-24,311776,56189,150444,86599,3461,59511,18483,19747,26778,-94255,83138,41028,-7031,967.0,970.75,948.25,956.5,69182
2009-03-31,316690,56723,156972,86576,862,61200,17639,23267,26492,-100249,85714,43561,-3225,952.0,954.0,904.5,904.5,103109
2009-04-07,338305,53770,180570,86472,1421,73996,11000,24464,21809,-126800,85051,62996,2655,989.5,1006.0,987.25,994.75,97974
2009-04-14,361793,56519,198647,89286,1587,83611,10174,25426,21860,-142128,87699,73437,3566,1036.0,1043.5,1015.0,1019.25,109675
2009-04-21,379420,61990,216882,91972,1426,94796,9677,28469,23263,-154892,90546,85119,5206,1038.0,1042.75,1012.75,1020.75,71968
2009-04-28,373874,59120,220115,92373,2084,92187,9125,26738,16071,-160995,90289,83062,10667,989.5,1017.75,988.0,1007.5,33780
2009-05-05,397105,48218,237158,102661,2213,101463,7122,33804,17672,-188940,100448,94341,16132,1116.0,1127.0,1107.0,1120.0,2635
2009-05-12,408703,46868,245002,104259,1935,102593,6121,36545,16202,-198134,102324,96472,20343,1137.5,1137.0,1115.0,1129.0,793
2009-05-19,422416,47293,252486,107355,1960,104934,6521,41188,20171,-205193,105395,98413,21017,1162.0,1169.25,1141.0,1146.0,84935
2009-05-26,441819,52004,259661,108937,7846,111962,8812,38837,16520,-207657,101091,103150,22317,1185.5,1187.5,1151.0,1155.25,83020
2009-06-02,447013,57107,267074,109355,8017,114232,8981,37540,17381,-209967,101338,105251,20159,1209.0,1221.75,1200.5,1218.0,71037
2009-06-09,460526,67204,279397,108114,7996,121936,10354,35862,19024,-212193,100118,111582,16838,1243.5,1249.0,1226.75,1234.0,90915
2009-06-16,459871,74353,273667,107437,7834,118107,9188,36031,20790,-199314,99603,108919,15241,1201.25,1219.0,1187.5,1202.0,71112
2009-06-23,462276,78082,270889,106417,7872,107124,7925,38713,16595,-192807,98545,99199,22118,1179.0,1182.0,1152.25,1152.25,41210
2009-06-30,437046,63155,253124,110934,7263,102521,7992,37633,15703,-189969,103671,94529,21930,1226.25,1232.5,1190.0,1220.0,20912
2009-07-07,428415,68335,248638,111707,7000,88249,9861,41302,15137,-180303,104707,78388,26165,1133.5,1206.0,1118.25,1202.0,4203
2009-07-14,412669,75178,231995,111257,7018,77785,17551,41961,16110,-156817,104239,60234,25851,1074.0,1087.75,1058.25,1079.75,24695
2009-07-21,402975,74647,222852,112062,9468,75794,16346,39337,15624,-148205,102594,59448,23713,1014.5,1040.0,1005.25,1034.25,23005
2009-07-28,392027,77785,212955,113468,9585,74338,15842,27603,18415,-135170,103883,58496,9188,1054.5,1059.75,1020.25,1022.75,21474
2009-08-04,396717,64081,219138,113058,9117,87385,11766,28400,22471,-155057,103941,75619,5929,1165.0,1178.75,1160.0,1168.5,3027
2009-08-11,407168,56670,226068,115539,7698,100996,11254,26447,25442,-169398,107841,89742,1005,1216.5,1226.0,1168.0,1172.5,2522
2009-08-18,407708,69802,219692,114611,7362,89817,11474,26339,31222,-149890,107249,78343,-4883,995.5,1002.5,976.75,988.0,7889
2009-08-25,395788,63904,207479,113536,7051,78637,11153,27264,27257,-143575,106485,67484,7,1091.0,1108.0,1072.75,1077.0,13501
2009-09-01,407468,76484,210259,114688,7406,78333,20776,28010,28051,-133775,107282,57557,-41,1014.0,1114.25,1011.75,1100.0,1860
2009-09-08,425202,93771,212163,112929,7358,75650,27120,28150,30644,-118392,105571,48530,-2494,969.0,981.0,951.0,954.25,303
2009-09-15,432114,91747,211468,113216,7954,82035,31096,28151,31615,-119721,105262,50939,-3464,960.0,977.75,901.5,906.5,136096
2009-09-22,436080,98771,203270,116706,7909,76063,31540,23879,36018,-104499,108797,44523,-12139,922.0,927.25,903.25,912.5,76722
2009-09-29,437758,97182,199973,116732,8551,75309,28338,20928,35204,-102791,108181,46971,-14276,917.0,928.75,910.5,918.5,64290
2009-10-06,452603,97404,201100,115663,8545,82501,36971,21612,36264,-103696,107118,45530,-14652,910.0,921.0,884.25,884.5,105629
2009-10-13,474712,84674,227645,117280,9056,89820,18359,23138,33836,-142971,108224,71461,-10698,993.0,1012.25,987.0,996.5,126476
2009-10-20,477120,74086,232542,119098,8789,100999,19963,23215,34119,-158456,110309,81036,-10904,982.5,1004.75,979.75,996.25,97505
2009-10-27,451029,62898,226307,122145,9350,94856,18626,18097,19862,-163409,112795,76230,-1765,973.5,993.5,969.25,986.5,108434
2009-11-03,430745,56777,233874,120486,9505,104169,12213,20108,20592,-177097,110981,91956,-484,1006.75,1018.25,986.5,996.25,29920
2009-11-09,422618,64505,228102,125245,9294,90957,17710,24199,19972,-163597,115951,73247,4227,964.25,966.5,945.0,945.25,9342
2009-11-17,443987,63201,241540,126313,9302,103874,16113,25248,21898,-178339,117011,87761,3350,1029.5,1031.75,1003.0,1007.0,84389
2009-11-24,467225,67456,267246,129233,9378,118956,9226,22710,21030,-199790,119855,109730,1680,1046.0,1049.25,1032.0,1040.5,76488
2009-12-01,478986,70963,280505,130739,9380,119414,9685,26318,19755,-209542,121359,109729,6563,1059.5,1078.5,1052.5,1058.5,88019
2009-12-08,482172,71788,275274,129505,9418,124563,14319,26672,19999,-203486,120087,110244,6673,1044.0,1063.75,1042.5,1053.25,95941
2009-12-15,487238,73044,275036,126491,5996,128418,14689,25782,20044,-201992,120495,113729,5738,1055.0,1068.5,1049.5,1054.75,89296
2009-12-22,457655,72626,243043,127752,7007,96147,17207,30275,18096,-170417,120745,78940,12179,991.0,1010.0,984.5,1001.0,81698
2009-12-29,423295,62687,219345,126880,7329,93608,15427,18098,20629,-156658,119551,78181,-2531,1038.0,1040.0,1020.25,1028.75,47325
2010-01-05,424304,54382,220682,125004,5794,112240,16299,17359,25491,-166300,119210,95941,-8132,1052.25,1056.0,1042.0,1047.0,21073
2010-01-12,438758,67868,214115,135182,5620,97476,26547,18505,27075,-146247,129562,70929,-8570,969.5,1001.25,962.0,999.5,11750
2010-01-19,454690,74732,214956,143071,5746,87557,30743,19687,26361,-140224,137325,56814,-6674,963.5,984.0,962.75,974.0,77967
2010-01-26,457213,82513,207288,142168,5544,83352,41148,20118,23226,-124775,136624,42204,-3108,947.5,949.5,932.5,941.0,81769
2010-02-02,472953,97792,205538,140348,7782,78711,46146,20601,23896,-107746,132566,32565,-3295,925.5,930.0,905.25,911.25,91665
2010-02-09,478719,104728,188335,139236,7828,72791,60997,20570,27212,-83607,131408,11794,-6642,924.5,944.0,920.0,929.5,120623
2010-02-16,482183,98984,198193,138685,7928,75618,46790,19019,28244,-99209,130757,28828,-9225,965.5,966.0,945.25,948.0,82989
2010-02-23,448051,91358,191008,139896,8162,72444,37503,14190,34339,-99650,131734,34941,-20149,952.5,978.75,952.0,960.0,90583
2010-03-02,426354,76038,177297,146039,7343,71982,36820,14342,37364,-101259,138696,35162,-23022,954.25,959.5,948.5,952.0,9441
2010-03-09,433812,83409,170162,146964,7619,72557,49188,14752,35835,-86753,139345,23369,-21083,941.5,941.0,929.0,941.0,865
2010-03-16,436247,84047,168329,146721,5642,73775,52729,13625,38104,-84282,141079,21046,-24479,945.0,948.0,930.5,930.5,71579
2010-03-23,432402,78792,192328,142089,1289,78585,30336,18313,39086,-113536,140800,48249,-20773,968.0,976.5,964.75,966.75,62583
2010-03-30,445222,89972,203167,138208,1226,77352,25828,21024,41905,-113195,136982,51524,-20881,974.0,974.25,960.25,967.5,76370
2010-04-06,454081,96921,190609,144908,2126,71702,43026,23155,43610,-93688,142782,28676,-20455,944.5,944.75,932.75,936.0,53024
2010-04-13,470142,94809,210313,146568,1566,82503,34765,23550,42060,-115504,145002,47738,-18510,968.0,972.25,954.25,958.25,123181
2010-04-20,488864,86198,238947,147429,1549,96286,23562,23661,40093,-152749,145880,72724,-16432,984.0,987.75,977.5,977.5,39834
2010-04-27,487498,82524,247135,148923,1528,103251,18527,23140,39765,-164611,147395,84724,-16625,982.75,1001.0,981.5,997.75,37245
2010-05-04,475888,77654,237914,147663,1691,102639,23650,24870,36911,-160260,145972,78989,-12041,977.0,980.5,963.75,975.25,11422
2010-05-11,460005,87270,225106,146672,1367,82913,34887,28824,29525,-137836,145305,48026,-701,958.25,961.0,946.5,953.0,1532
2010-05-18,460112,87553,212858,150236,2178,70829,46351,33464,24723,-125305,148058,24478,8741,939.5,949.5,936.0,943.0,59875
2010-05-25,455445,90010,207873,150439,2545,60815,50506,35456,21059,-117863,147894,10309,14397,930.5,941.0,927.5,939.0,59077
2010-06-01,459804,90177,207387,149057,2258,57560,52506,37834,19821,-117210,146799,5054,18013,932.0,943.75,930.5,939.25,57229
2010-06-08,475862,96684,209768,149400,2070,56015,61635,44229,21142,-113084,147330,-5620,23087,931.0,937.5,926.0,934.0,77801
2010-06-15,460514,89834,219231,145838,1168,62102,48483,39107,21366,-129397,144670,13619,17741,949.5,961.75,947.25,949.75,58688
2010-06-22,459096,79861,227170,147462,1039,71803,46000,40541,22423,-147309,146423,25803,18118,965.5,970.0,961.75,963.25,37116
2010-06-29,440453,82176,207267,149488,1210,61184,49355,34133,21511,-125091,148278,11829,12622,947.25,961.0,946.0,957.5,36315
2010-07-06,450536,91107,209867,149050,1172,57317,63618,39553,20229,-118760,147878,-6301,19324,964.25,976.25,959.5,962.5,2499
2010-07-13,468556,70504,246943,151705,1395,78422,35936,38032,16982,-176439,150310,42486,21050,1030.5,1040.5,1026.5,1034.0,1519
2010-07-20,485478,61350,271866,153225,1931,105352,23969,34723,20611,-210516,151294,81383,14112,1011.75,1014.25,998.5,1006.75,20147
2010-07-27,478169,66718,272040,154844,1755,102909,19722,29495,22531,-205322,153089,83187,6964,998.0,1005.0,994.5,997.5,24867
2010-08-03,490303,62598,297629,158331,1090,116294,15233,36021,25427,-235031,157241,101061,10594,1053.5,1054.0,1037.5,1051.0,3978
2010-08-10,508769,62678,318885,161239,925,128879,12210,37644,26239,-256207,160314,116669,11405,1036.25,1047.0,1033.75,1047.0,1669
2010-08-17,525866,71775,332754,155059,1182,133568,13031,41960,26703,-260979,153877,120537,15257,1045.25,1047.75,1029.5,1029.5,8048
2010-08-24,524449,74780,335598,155256,1308,127285,9151,45442,24202,-260818,153948,118134,21240,999.5,1009.75,995.0,1007.0,8683
2010-08-31,517626,69411,330656,154391,1304,123914,9018,47740,22596,-261245,153087,114896,25144,1008.0,1024.25,1005.0,1015.0,4596
2010-09-07,527472,72295,338320,153342,2116,130814,10843,47220,24744,-266025,151226,119971,22476,1043.75,1040.75,1024.75,1031.25,823
2010-09-14,532715,75941,346128,152591,2526,133057,9255,47421,24817,-270187,150065,123802,22604,1025.0,1030.5,1018.25,1026.75,70449
2010-09-21,560999,76174,363409,149293,1883,142905,10529,55338,24627,-287235,147410,132376,30711,1080.0,1093.75,1079.25,1083.75,81117
2010-09-28,603508,82038,388551,151407,1871,155005,16901,64712,22617,-306513,149536,138104,42095,1110.0,1135.5,1105.5,1127.0,81866
2010-10-05,604208,94891,385404,153772,3599,138558,15838,70355,25780,-290513,150173,122720,44575,1071.75,1077.75,1049.75,1053.75,96028
2010-10-12,635883,122078,417811,151351,1453,134937,13580,74939,23342,-295733,149898,121357,51597,1178.5,1185.75,1154.0,1154.0,140947
2010-10-19,652432,108268,424963,155148,1039,153985,13542,80750,24042,-316695,154109,140443,56708,1180.0,1195.0,1165.5,1184.25,122594
2010-10-26,651516,103991,442065,168384,2512,154810,7290,73996,19673,-338074,165872,147520,54323,1219.0,1224.0,1208.5,1217.0,97376
2010-11-02,613985,85819,425100,162519,2904,163615,6289,68435,18938,-339281,159615,157326,49497,1223.75,1232.5,1220.75,1225.25,14956
2010-11-09,628476,96569,424685,152708,2435,170519,8972,75194,31829,-328116,150273,161547,43365,1319.25,1333.75,1262.0,1263.5,5980
2010-11-16,617469,107052,416555,153471,3997,155373,7655,78235,31299,-309503,149474,147718,46936,1219.75,1289.75,1216.5,1286.25,154393
2010-11-23,622648,106279,409952,148819,11924,150193,11444,87345,26816,-303673,136895,138749,60529,1239.0,1246.5,1201.5,1225.0,109152
2010-11-30,631522,106861,412130,144965,12058,146958,11786,91199,23116,-305269,132907,135172,68083,1243.0,1247.25,1227.75,1238.0,70192
2010-12-07,631787,87270,398297,143807,12582,148183,14182,97924,23396,-311027,131225,134001,74528,1285.5,1303.25,1282.25,1288.5,121753
2010-12-14,643173,82455,394384,144268,15449,150950,14380,98115,23086,-311929,128819,136570,75029,1296.0,1311.25,1292.5,1300.0,91214
2010-12-21,660863,83607,403243,148607,15773,159150,16918,98408,24611,-319636,132834,142232,73797,1326.25,1328.0,1311.5,1315.25,84123
2010-12-28,646356,77330,414805,149838,15578,161591,10417,97940,20841,-337475,134260,151174,77099,1375.75,1385.25,1372.0,1373.0,52754
2011-01-04,622611,75372,402557,150685,15617,155418,11694,96919,22227,-327185,135068,143724,74692,1361.0,1381.75,1350.25,1369.5,5881
2011-01-11,619456,83458,400587,143436,18696,155109,11894,98037,22475,-317129,124740,143215,75562,1350.5,1380.0,1349.0,1376.5,2216
2011-01-18,654378,97387,417512,137591,20726,158027,15452,105585,22572,-320125,116865,142575,83013,1413.25,1430.0,1408.25,1412.25,93778
2011-01-25,650122,92984,392790,133767,20660,144972,13792,105711,23695,-299806,113107,131180,82016,1374.5,1408.0,1370.25,1404.25,122405
2011-02-01,677852,93690,405331,138575,21598,164209,15094,101610,31916,-311641,116977,149115,69694,1438.0,1440.5,1408.25,1413.5,119431
2011-02-08,698094,96149,409184,134665,23638,160447,14431,110056,31325,-313035,111027,146016,78731,1434.25,1435.5,1414.0,1425.0,110561
2011-02-15,698766,104423,389181,126427,19243,150542,23789,111653,31616,-284758,107184,126753,80037,1368.0,1409.25,1364.75,1403.0,144806
2011-02-22,637703,104386,355110,124348,17287,137479,17494,82484,26527,-250724,107061,119985,55957,1298.0,1385.75,1298.0,1379.0,135942
2011-03-01,612668,104486,342754,120435,18292,132338,15804,76564,28258,-238268,102143,116534,48306,1367.5,1369.0,1347.25,1360.0,9490
2011-03-08,617315,101273,351767,119550,17927,133096,6651,79431,27343,-250494,101623,126445,52088,1375.5,1389.25,1368.0,1389.25,3098
2011-03-15,621678,110910,340301,119675,18366,128707,18504,85669,30938,-229391,101309,110203,54731,1270.0,1346.0,1270.0,1342.0,160944
2011-03-22,616044,109815,348962,120481,19532,131008,15845,83732,28542,-239147,100949,115163,55190,1365.5,1365.75,1344.0,1363.5,63138
2011-03-29,618462,114655,352170,121905,20117,131039,17301,79562,27738,-237515,101788,113738,51824,1361.5,1369.0,1341.0,1345.25,80620
2011-04-05,634186,119419,362758,120494,19934,136802,23775,79195,25489,-243339,100560,113027,53706,1373.25,1389.75,1366.5,1384.5,86278
2011-04-12,636593,123843,341599,118771,20663,124056,25536,79380,26421,-217756,98108,98520,52959,1329.75,1370.25,1318.25,1369.0,140396
2011-04-19,636040,127651,332510,116685,18976,114783,27185,78821,28621,-204859,97709,87598,50200,1342.0,1349.0,1336.5,1344.5,74374
2011-04-26,593568,119805,327606,122117,18825,119821,16953,57904,28048,-207801,103292,102868,29856,1382.75,1390.0,1371.75,1389.0,59906
2011-05-03,571505,116379,322451,123908,18576,118795,22135,59937,28681,-206072,105332,96660,31256,1359.25,1394.75,1352.0,1390.25,5704
2011-05-10,551626,123840,307431,120112,18731,107470,19913,59482,32687,-183591,101381,87557,26795,1340.0,1352.25,1335.25,1335.25,820
2011-05-17,545195,125011,302153,117941,18770,107726,21963,59586,33626,-177142,99171,85763,25960,1341.0,1342.75,1312.25,1324.75,103046
2011-05-24,554958,123552,311424,117070,19084,119726,23841,58435,34169,-187872,97986,95885,24266,1372.25,1389.0,1365.75,1373.75,81161
2011-05-31,578376,122074,321534,118446,19099,126045,27256,59827,33747,-199460,99347,98789,26080,1376.0,1391.25,1366.5,1371.5,86334
2011-06-07,596874,120379,330444,117385,19600,136770,31066,62245,33768,-210065,97785,105704,28477,1394.0,1394.75,1380.25,1382.75,108072
2011-06-14,599556,125320,315314,118715,20178,127326,34263,62203,35455,-189994,98537,93063,26748,1368.0,1387.0,1353.5,1382.25,101593
2011-06-21,592787,138230,309221,118594,20704,115395,33033,57439,35729,-170991,97890,82362,21710,1348.75,1354.75,1337.75,1338.25,51448
2011-06-28,530785,124989,288395,132742,17816,95896,34196,50419,30175,-163406,114926,61700,20244,1330.75,1346.25,1328.0,1334.0,48313
2011-07-05,525466,128900,290512,130672,16573,94412,38562,53210,28591,-161612,114099,55850,24619,1332.25,1340.0,1322.0,1330.5,2786
2011-07-12,514257,112272,294599,127103,14392,100106,29579,53917,30546,-182327,112711,70527,23371,1366.5,1366.5,1342.0,1352.5,3121
2011-07-19,543107,97849,322525,122691,15506,127685,22807,59724,31290,-224676,107185,104878,28434,1379.25,1408.0,1375.5,1389.0,24180
2011-07-26,537568,91623,320365,124334,15896,138626,24384,52933,31500,-228742,108438,114242,21433,1383.0,1383.75,1363.0,1366.25,31675
2011-08-02,512382,93692,304346,123581,16033,129141,23970,47861,34254,-210654,107548,105171,13607,1373.0,1377.5,1348.5,1360.0,3645
2011-08-09,499834,115630,286496,116531,15262,96739,29336,59870,32078,-170866,101269,67403,27792,1298.75,1320.0,1286.0,1300.0,666
2011-08-16,506885,110089,295958,115101,15237,100246,26017,65155,31211,-185869,99864,74229,33944,1340.0,1345.0,1333.5,1343.0,13434
2011-08-23,530818,91435,324051,114243,15823,135909,17082,61847,33906,-232616,98420,118827,27941,1389.5,1392.0,1376.5,1376.5,15840
2011-08-30,579933,71481,359310,112653,16548,171846,14570,74661,34253,-287829,96105,157276,40408,1448.75,1450.25,1430.0,1440.5,15584
2011-09-06,598896,80122,373366,116831,16635,173804,16812,77138,34889,-293244,100196,156992,42249,1413.5,1426.25,1402.25,1426.25,4749
2011-09-13,605003,102797,377777,117663,16945,166966,18532,70490,36364,-274980,100718,148434,34126,1381.25,1389.5,1374.0,1389.5,932
2011-09-20,584691,118912,352020,121427,21978,130628,13705,64175,29183,-233108,99449,116923,34992,1338.0,1350.25,1335.25,1341.0,93484
2011-09-27,574756,141466,321073,113106,21523,102478,23106,64559,23774,-179607,91583,79372,40785,1263.0,1278.75,1259.0,1262.25,112498
2011-10-04,573569,149900,300453,101513,23794,96256,27205,66052,24532,-150553,77719,69051,41520,1160.0,1179.0,1152.0,1174.5,160218
2011-10-11,570587,155537,303127,105305,22742,87472,35243,72559,22428,-147590,82563,52229,50131,1235.5,1245.5,1174.5,1180.0,243131
2011-10-18,589267,149509,315243,110399,20225,97436,38133,75273,23982,-165734,90174,59303,51291,1250.75,1253.0,1226.5,1253.0,147779
2011-10-25,542926,146979,293934,127095,11238,84910,41791,39287,18087,-146955,115857,43119,21200,1225.5,1236.0,1217.5,1226.0,103812
2011-11-01,518805,132084,271567,131709,13541,81018,47273,38916,19962,-139483,118168,33745,18954,1192.25,1212.75,1180.5,1204.5,21307
2011-11-08,515823,130107,260427,131265,13839,78447,50836,40539,22759,-130320,117426,27611,17780,1195.25,1206.5,1192.75,1194.0,5536
2011-11-15,529417,140811,246228,129586,13931,75735,65231,42505,28449,-105417,115655,10504,14056,1200.25,1206.25,1178.25,1178.25,112669
2011-11-22,522610,145747,237373,133604,13800,70563,74905,43936,28194,-91626,119804,-4342,15742,1153.0,1155.75,1141.0,1147.5,96590
2011-11-29,522741,140522,235038,132788,13858,67574,70070,42336,28777,-94516,118930,-2496,13559,1125.0,1138.5,1115.0,1124.25,95258
2011-12-06,541370,153357,245409,133498,13607,64914,70569,45014,30773,-92052,119891,-5655,14241,1129.5,1131.75,1120.25,1126.0,82019
2011-12-13,558278,148555,252882,128001,8989,68553,68921,47080,26803,-104327,119012,-368,20277,1118.5,1127.0,1106.25,1112.0,107292
2011-12-20,532238,130769,247445,131347,8467,65952,61255,46027,26819,-116676,122880,4697,19208,1144.5,1149.75,1135.5,1137.0,82124
2011-12-27,480007,106446,228622,131681,10079,68344,46914,36479,28900,-122176,121602,21430,7579,1199.75,1206.0,1172.75,1172.75,72938
2012-01-03,460650,90300,224509,132163,9854,72623,45276,37596,25532,-134209,122309,27347,12064,1218.25,1235.0,1214.25,1223.75,13078
2012-01-10,459749,88790,233600,134330,9588,75987,38918,35697,24116,-144810,124742,37069,11581,1223.75,1228.5,1214.5,1224.5,1495
2012-01-17,478025,94390,231362,135071,8887,76219,44782,36615,24900,-136972,126184,31437,11715,1183.5,1187.0,1162.75,1163.0,102904
2012-01-24,478304,86883,228839,132955,9676,83334,43230,37778,25640,-141956,123279,40104,12138,1220.0,1229.5,1203.75,1213.75,102469
2012-01-31,500592,102349,240487,131064,11922,85774,50200,39885,20071,-138138,119142,35574,19814,1199.0,1201.25,1184.25,1186.75,109498
2012-02-07,515753,99467,258831,129739,12535,97303,43070,41553,22124,-159364,117204,54233,19429,1232.0,1239.5,1227.0,1232.0,97375
2012-02-14,549099,100378,273094,130070,13302,107517,36592,44643,23969,-172716,116768,70925,20674,1255.0,1261.75,1245.5,1252.0,121808
2012-02-21,544143,92568,278666,126810,12489,117717,29715,42367,23340,-186098,114321,88002,19027,1271.0,1276.0,1260.0,1271.0,98178
2012-02-28,540310,77685,290150,130180,12557,133101,28268,42244,20520,-212465,117623,104833,21724,1305.25,1307.0,1291.5,1291.5,53192
2012-03-06,568715,76252,322842,130820,11127,158567,18554,45019,24523,-246590,119693,140013,20496,1329.75,1330.5,1310.0,1317.0,2553
2012-03-13,603318,87645,347247,130974,13020,174051,15992,42420,27723,-259602,117954,158059,14697,1348.75,1352.75,1328.5,1329.5,833
2012-03-20,640011,91877,378240,133088,13727,193385,13492,47945,27827,-286363,119361,179893,20118,1345.0,1368.0,1341.75,1367.0,117640
2012-03-27,684581,110607,409985,132897,15259,199944,9122,50673,29068,-299378,117638,190822,21605,1369.75,1387.25,1368.75,1379.75,122644
2012-04-03,753669,142313,457464,129996,14000,216073,7180,59851,32887,-315151,115996,208893,26964,1416.75,1434.25,1414.0,1421.0,100870
2012-04-10,786976,157212,454258,115796,14959,225567,8879,57264,42771,-297046,100837,216688,14493,1426.0,1452.25,1421.75,1431.0,163221
2012-04-17,811832,159583,457959,114247,14095,226338,8226,59831,44538,-298376,100152,218112,15293,1425.75,1434.5,1418.25,1420.25,89852
2012-04-24,815826,159395,476276,113538,11916,238149,6267,59313,41853,-316881,101622,231882,17460,1461.25,1467.5,1433.75,1437.0,56841
2012-05-01,807124,135176,472653,120023,9364,248832,7895,61770,43964,-337477,110659,240937,17806,1497.75,1500.25,1487.5,1500.25,9507
2012-05-08,798732,143181,468154,119378,10419,236853,8589,65161,43502,-324973,108959,228264,21659,1437.75,1466.75,1434.5,1466.75,1806
2012-05-15,790836,149202,469516,118957,9906,223057,5534,67213,41914,-320314,109051,217523,25299,1413.0,1415.75,1380.0,1385.5,138598
2012-05-22,776789,135747,460206,118705,9417,219505,11684,76124,39058,-324459,109288,207821,37066,1382.25,1417.75,1375.0,1410.75,117953
2012-05-29,773983,140000,455779,117487,9230,215629,16126,76533,39726,-315779,108257,199503,36807,1386.75,1402.0,1379.25,1383.0,81906
2012-06-05,762748,146019,441650,118045,8760,195251,16082,74883,40356,-295631,109285,179169,34527,1349.5,1360.25,1340.5,1340.5,81935
2012-06-12,771728,140099,457642,116051,11122,206964,10206,78390,41222,-317543,104929,196758,37168,1435.0,1449.25,1416.25,1425.5,114267
2012-06-19,783333,141457,462218,114737,11247,205830,8677,77166,40678,-320761,103490,197153,36488,1433.75,1451.5,1389.0,1390.0,118151
2012-06-26,767737,134339,461890,114194,13612,221486,6467,65445,42982,-327551,100582,215019,22463,1470.5,1496.75,1466.0,1489.75,43300
2012-07-03,775157,128188,476052,114287,16836,232902,5941,77353,43881,-347864,97451,226961,33472,1572.25,1578.0,1534.5,1545.25,4044
2012-07-10,799500,147822,477507,106619,30682,237531,7701,80546,52554,-329685,75937,229830,27992,1648.75,1672.25,1644.0,1660.25,3756
2012-07-17,833271,166024,496218,104359,35010,237979,7346,84338,55359,-330194,69349,230633,28979,1639.0,1647.75,1616.75,1643.25,30000
2012-07-24,811596,169635,483337,97123,35786,241076,10143,78442,53416,-313702,61337,230933,25026,1649.25,1706.25,1628.5,1702.25,33431
2012-07-31,760359,152549,455454,95956,36577,230411,8563,77968,56690,-302905,59379,221848,21278,1721.0,1742.0,1711.5,1722.0,15532
2012-08-07,752907,155361,436188,90309,40509,225720,12504,77559,58498,-280827,49800,213216,19061,1605.25,1627.5,1603.0,1607.0,2064
2012-08-14,741673,151684,427652,92385,41936,228916,9177,71329,60770,-275968,50449,219739,10559,1680.0,1690.0,1659.25,1659.25,12189
2012-08-21,755189,142402,441669,91740,40914,241466,8534,78700,62528,-299267,50826,232932,16172,1753.5,1754.75,1702.75,1703.75,18311
2012-08-28,742076,139898,422265,95095,40645,220371,8980,74025,61036,-282367,54450,211391,12989,1732.5,1742.0,1710.75,1735.25,8277
2012-09-04,742721,135229,426044,95884,38834,222643,9612,80389,60775,-290815,57050,213031,19614,1771.0,1794.75,1760.5,1778.5,1985
2012-09-11,733037,138784,422699,94314,40003,222068,7029,75041,60265,-283915,54311,215039,14776,1696.5,1715.75,1695.5,1713.0,764
2012-09-18,730121,152000,415865,98544,41561,213890,9218,74904,62539,-263865,56983,204672,12365,1640.0,1669.0,1630.5,1660.0,183122
2012-09-25,725029,162331,409685,95894,54916,201814,11429,67634,40333,-247354,40978,190385,27301,1611.5,1625.5,1604.25,1608.25,107344
2012-10-02,721122,166494,410396,96977,52498,197105,13840,69832,39610,-243902,44479,183265,30222,1530.5,1561.25,1526.5,1559.75,158462
2012-10-09,718506,164937,408430,98551,51826,193759,14952,67593,38565,-243493,46725,178807,29028,1550.0,1574.0,1547.0,1550.5,135427
2012-10-16,715100,159766,394150,98179,50441,193110,11165,65698,43492,-234384,47738,181945,22206,1493.75,1514.75,1493.0,1494.0,103736
2012-10-23,706473,148437,388651,97697,50267,194976,13943,64023,40432,-240214,47430,181033,23591,1553.25,1555.0,1529.0,1546.5,95184
2012-11-06,620361,120668,355698,102512,39473,174499,12775,46030,30477,-235030,63039,161724,15553,1516.75,1525.75,1505.75,1506.75,5592
2012-11-13,604162,122933,328214,103134,39261,152710,20419,48759,32262,-205281,63873,132291,16497,1427.0,1427.0,1400.75,1422.0,1838
2012-11-20,603691,130368,320715,102949,38971,143739,25512,48628,34160,-190347,63978,118227,14468,1412.75,1416.0,1380.75,1395.25,93560
2012-11-27,603386,133572,314384,103061,39306,139867,30891,47564,34351,-180812,63755,108976,13213,1449.25,1451.0,1423.0,1424.75,91378
2012-12-04,593935,131335,310197,103071,39862,135931,31491,47877,29498,-178862,63209,104440,18379,1455.5,1461.0,1436.0,1453.0,84049
2012-12-11,599332,120999,315701,102771,35955,143094,25057,46652,33218,-194702,66816,118037,13434,1472.0,1487.75,1464.25,1474.75,153947
2012-12-18,611685,126256,334538,103648,30979,153795,24191,43657,35798,-208282,72669,129604,7859,1466.0,1501.75,1462.5,1496.0,133472
2012-12-24,569969,129644,314796,101773,27266,139438,25274,39483,39034,-185152,74507,114164,449,1439.75,1443.5,1428.5,1432.5,16653
2012-12-31,546275,118147,301360,101664,26902,134255,23673,38788,40142,-183213,74762,110582,-1354,1418.75,1433.75,1409.5,1423.0,12657
2013-01-08,539444,126429,269302,96356,29482,119056,34075,38126,42227,-142873,66874,84981,-4101,1413.75,1420.0,1405.0,1412.0,2435
2013-01-15,532386,127187,251277,80007,33587,117285,31734,38815,45003,-124090,46420,85551,-6188,1413.5,1436.25,1408.0,1416.75,103624
2013-01-22,548246,126298,261908,79964,32520,122513,27039,40650,46575,-135610,47444,95474,-5925,1451.75,1460.75,1436.0,1440.0,111637
2013-01-29,574109,133597,271756,76695,29877,126743,24223,39580,49682,-138159,46818,102520,-10102,1451.75,1458.0,1441.0,1445.75,84650
2013-02-05,607911,138823,300650,77150,29998,150393,27641,43438,52719,-161827,47152,122752,-9281,1495.5,1496.5,1478.0,1488.0,90371
2013-02-12,618804,152621,319274,78245,33345,158790,22744,41367,52328,-166653,44900,136046,-10961,1420.75,1438.5,1417.0,1431.25,113176
2013-02-19,639511,177964,329080,76723,32982,149507,32443,47354,52710,-151116,43741,117064,-5356,1470.25,1474.25,1432.25,1432.5,145035
2013-02-26,598066,156231,337290,81992,18997,142697,21279,51621,44784,-181059,62995,121418,6837,1447.75,1459.0,1436.25,1450.0,64608
2013-03-05,593117,153230,328396,76818,20201,142174,21968,51878,48926,-175166,56617,120206,2952,1496.5,1511.0,1488.5,1488.5,6281
2013-03-12,605100,156660,341289,76181,19951,149995,20315,54286,50392,-184629,56230,129680,3894,1489.75,1516.0,1488.75,1515.0,840
2013-03-19,582483,161110,318494,77278,19443,128654,25457,55448,48403,-157384,57835,103197,7045,1406.75,1418.75,1403.0,1409.5,97365
2013-03-26,577889,161332,323801,77735,20548,128852,21681,53829,50375,-162469,57187,107171,3454,1447.75,1449.5,1434.0,1437.0,61945
2013-04-02,564800,153323,298081,81305,19959,117411,33898,57910,45260,-144758,61346,83513,12650,1394.0,1405.75,1386.0,1393.5,98588
2013-04-09,576118,156561,273599,82293,19975,114989,44760,49166,48631,-117038,62318,70229,535,1395.5,1397.0,1375.5,1378.75,123394
2013-04-16,558530,146584,275252,81484,18715,121559,40327,51481,51167,-128668,62769,81232,314,1411.5,1417.0,1389.0,1394.5,102038
2013-04-23,575432,163368,295089,81109,13823,118533,36933,52432,56465,-131721,67286,81600,-4033,1419.75,1430.0,1417.0,1417.0,77582
2013-04-30,538165,143513,295864,92708,10163,129466,33855,45513,62052,-152351,82545,95611,-16539,1467.75,1488.75,1464.0,1470.0,18406
2013-05-07,536506,145906,276997,92181,9052,121762,43310,45720,62215,-131091,83129,78452,-16495,1463.5,1464.0,1445.0,1445.0,1345
2013-05-14,564454,146702,285529,88660,7955,136598,47387,47411,64987,-138827,80705,89211,-17576,1524.5,1545.0,1514.75,1522.0,75010
2013-05-21,582728,145462,287611,86614,12353,164259,57882,50574,74054,-142149,74261,106377,-23480,1478.25,1479.25,1456.0,1460.5,125501
2013-05-28,581323,129804,273875,84372,12634,180913,57192,49880,80567,-144071,71738,123721,-30687,1509.25,1528.5,1472.5,1475.0,105640
2013-06-04,600319,139112,292365,84684,16985,185969,46775,48241,77831,-153253,67699,139194,-29590,1528.75,1533.0,1518.0,1531.75,56812
2013-06-11,612808,141374,307440,87273,16260,198491,46268,51004,81018,-166066,71013,152223,-30014,1540.5,1544.0,1514.75,1515.5,93870
2013-06-18,621572,151077,301430,88402,14425,187799,50989,45216,80511,-150353,73977,136810,-35295,1510.75,1530.0,1510.0,1511.75,67843
2013-06-25,562572,120763,298866,100466,9655,180184,38607,40009,71662,-178103,90811,141577,-31653,1525.25,1527.75,1507.0,1511.75,52405
2013-07-02,523071,111120,273799,93747,11430,166777,39318,41322,64801,-162679,82317,127459,-23479,1573.0,1584.75,1565.0,1570.75,1612
2013-07-09,517973,109128,267643,91184,12252,158852,37839,43604,60246,-158515,78932,121013,-16642,1613.25,1630.0,1607.0,1609.75,3023
2013-07-16,522786,107045,278506,89436,11887,176628,44854,39190,59176,-171461,77549,131774,-19986,1475.25,1488.0,1453.0,1456.75,33964
2013-07-23,526976,104112,264969,89910,9945,179609,54236,44268,65597,-160857,79965,125373,-21329,1462.5,1526.25,1460.0,1515.0,45710
2013-07-30,490254,112286,236991,88852,10955,151431,54522,42096,58809,-124705,77897,96909,-16713,1350.0,1379.75,1347.75,1370.0,13491
2013-08-06,496026,128229,222115,87610,10560,130132,64515,49754,58684,-93886,77050,65617,-8930,1324.25,1335.0,1318.25,1330.0,689
2013-08-13,514193,143222,245781,86718,9960,129249,69719,52517,51155,-102559,76758,59530,1362,1359.75,1386.5,1358.0,1374.0,449
2013-08-20,545780,140834,295173,89710,15447,149533,47538,58164,54764,-154339,74263,101995,3400,1309.25,1326.75,1304.0,1320.75,11955
2013-08-27,571623,133964,332756,95746,19258,165917,33209,60145,53040,-198792,76488,132708,7105,1414.0,1449.0,1412.0,1425.0,8028
2013-09-03,591014,130348,357494,97635,18557,180968,25332,59780,49654,-227146,79078,155636,10126,1435.5,1467.75,1431.0,1454.0,3790
2013-09-10,611277,143379,361857,99394,15732,179777,24626,53252,55588,-218478,83662,155151,-2336,1403.75,1405.0,1386.25,1390.75,378
2013-09-17,613083,140866,364342,98244,15216,177303,22652,56361,51102,-223476,83028,154651,5259,1342.5,1366.5,1332.0,1349.0,150137
2013-09-24,620379,148384,357596,96763,13765,175148,18407,47505,58940,-209212,82998,156741,-11435,1312.5,1322.75,1305.25,1306.5,73052
2013-10-01,616871,153575,349879,96097,12633,156838,15181,49466,59869,-196304,83464,141657,-10403,1268.0,1278.75,1263.5,1278.5,123503
2013-10-08,623084,169688,358560,94725,13025,153692,19437,47640,52592,-188872,81700,134255,-4952,1288.75,1305.75,1283.75,1296.25,149055
2013-10-15,641740,182983,372908,92997,11957,154604,17635,49107,49931,-189925,81040,136969,-824,1267.0,1276.75,1264.25,1271.0,92847
2013-10-22,652100,183799,382181,95287,13125,159373,21889,50457,48836,-198382,82162,137484,1621,1302.25,1305.5,1292.0,1300.75,117953
2013-10-29,584429,155199,342870,95886,13133,143499,21977,38273,29826,-187671,82753,121522,8447,1279.0,1280.5,1268.0,1270.0,95488
2013-11-05,563699,142357,311501,96486,13641,140055,32484,42057,37890,-169144,82845,107571,4167,1259.25,1271.75,1255.0,1264.75,4988
2013-11-12,577984,134673,329523,96635,10801,149947,24014,44997,40966,-194850,85834,125933,4031,1319.25,1325.0,1304.0,1305.25,1518
2013-11-19,580418,134964,336120,97768,11130,156054,22513,44243,34622,-201156,86638,133541,9621,1276.25,1294.0,1268.25,1285.5,114103
2013-11-26,606008,134058,345508,94809,12148,170742,24286,45985,37647,-211450,82661,146456,8338,1329.25,1330.75,1316.75,1327.0,102374
2013-12-03,617952,133192,342975,90994,10662,181572,24210,47032,44848,-209783,80332,157362,2184,1319.75,1329.0,1311.25,1320.75,92773
2013-12-10,641333,142458,365383,90908,11987,190445,20980,51274,47365,-222925,78921,169465,3909,1338.25,1353.5,1330.5,1342.75,151495
2013-12-17,650861,153258,377872,95970,16445,197686,19665,50915,51955,-224614,79525,178021,-1040,1346.5,1350.0,1328.5,1336.0,110864
2013-12-24,628600,134963,364825,97165,12237,193924,18854,51196,50492,-229862,84928,175070,704,1333.75,1338.0,1325.0,1328.5,20848
2013-12-31,575756,110883,324800,94292,12733,177831,27703,52075,36414,-213917,81559,150128,15661,1312.5,1331.0,1309.0,1327.75,21149
2014-01-07,569064,120229,306439,93733,12533,156686,30553,53606,37476,-186210,81200,126133,16130,1299.5,1305.5,1287.25,1297.0,2600
2014-01-14,594392,116799,313985,92733,15222,168711,29076,58148,44083,-197186,77511,139635,14065,1339.0,1339.0,1314.75,1327.0,125170
2014-01-21,603948,119739,322254,95062,14874,174615,29451,60902,48056,-202515,80188,145164,12846,1280.5,1314.0,1280.0,1313.0,120155
2014-01-28,591635,120563,313550,92975,12986,162118,29013,63939,44094,-192987,79989,133105,19845,1285.5,1290.0,1277.5,1287.25,58970
2014-02-04,624488,134031,336031,91178,12541,176466,23009,59475,47573,-202000,78637,153457,11902,1313.25,1316.0,1291.0,1292.75,114579
2014-02-11,683209,141883,362310,87297,14818,201586,22624,61654,50853,-220427,72479,178962,10801,1334.75,1337.5,1312.5,1323.25,136598
2014-02-18,691005,142126,373058,88244,16264,214467,22569,63260,55827,-230932,71980,191898,7433,1361.0,1361.75,1335.5,1337.25,110545
2014-02-25,704089,150088,396842,92055,13510,217688,23650,65102,47324,-246754,78545,194038,17778,1399.0,1400.0,1377.0,1384.25,75676
2014-03-04,668094,135218,385578,94994,9476,228147,29157,63452,52078,-250360,85518,198990,11374,1418.0,1422.25,1402.25,1404.0,4703
2014-03-11,670093,146330,383567,93078,10367,223542,31692,59067,55360,-237237,82711,191850,3707,1411.5,1430.25,1411.5,1415.25,786
2014-03-18,656246,140904,368659,91975,10877,222369,30651,51547,55353,-227755,81098,191718,-3806,1418.25,1419.5,1384.5,1390.0,86122
2014-03-25,624304,127506,345405,93672,11157,208565,23442,49208,57968,-217899,82515,185123,-8760,1428.0,1436.0,1416.0,1425.75,59859
2014-04-01,638253,138887,361550,94073,11255,213778,27042,54936,60153,-222663,82818,186736,-5217,1484.5,1491.5,1460.5,1463.0,99416
2014-04-08,642179,141221,353309,95471,7814,207032,32125,53835,65094,-212088,87657,174907,-11259,1482.5,1483.5,1462.0,1464.25,97342
2014-04-15,669796,144319,362786,97845,5408,212215,28614,55292,72392,-218467,92437,183601,-17100,1501.25,1509.25,1473.5,1476.25,95184
2014-04-22,662154,159020,349725,97794,4404,197153,29740,48555,76205,-190705,93390,167413,-27650,1479.75,1508.75,1477.25,1502.0,84296
2014-04-29,611142,135544,341768,98410,4515,199043,25270,45808,60722,-206224,93895,173773,-14914,1524.0,1527.5,1503.75,1508.25,41472
2014-05-06,582430,134869,310748,97900,4437,178313,26365,46679,68207,-175879,93463,151948,-21528,1464.0,1471.75,1451.5,1470.0,3019
2014-05-13,590465,146048,310743,92914,4896,175159,27923,52384,72840,-164695,88018,147236,-20456,1502.25,1504.25,1480.0,1484.0,435
2014-05-20,607367,160048,314612,92530,5383,170901,34214,52223,72012,-154564,87147,136687,-19789,1469.75,1501.0,1468.5,1484.0,85714
2014-05-27,618301,166169,323644,91614,5836,171254,27223,57285,77258,-157475,85778,144031,-19973,1488.75,1515.5,1486.5,1510.5,79673
2014-06-03,628560,181463,310060,89140,5394,163677,38796,57493,80085,-128597,83746,124881,-22592,1481.25,1502.0,1475.0,1497.5,94325
2014-06-10,632121,172661,283185,95769,8414,152177,51991,60229,79333,-110524,87355,100186,-19104,1462.5,1475.25,1454.25,1457.0,96312
2014-06-17,616888,170608,241291,95360,8259,139124,66591,58981,83076,-70683,87101,72533,-24095,1398.25,1425.25,1395.75,1421.5,92060
2014-06-24,608364,174162,237510,95566,7413,136585,72013,59975,87143,-63348,88153,64572,-27168,1413.5,1423.0,1407.0,1423.0,60215
2014-07-01,596424,176005,214912,92327,7258,137185,77731,58188,100521,-38907,85069,59454,-42333,1400.0,1409.25,1380.0,1400.5,5871
2014-07-08,606261,185769,202146,88096,8625,129652,81828,60785,104131,-16377,79471,47824,-43346,1329.75,1363.25,1325.5,1362.25,2956
2014-07-15,626175,207287,207093,84914,11380,126538,86225,61150,101581,194,73534,40313,-40431,1180.5,1195.0,1153.25,1194.25,48077
2014-07-22,648970,230117,221540,83415,12065,123900,92830,64877,101599,8577,71350,31070,-36722,1184.0,1196.5,1172.75,1175.0,25581
2014-07-29,610514,219089,215411,82731,8928,122912,85430,61758,102995,3678,73803,37482,-41237,1226.5,1242.25,1219.25,1240.0,24637
2014-08-05,627633,223960,216846,80394,9142,124531,87581,62847,106201,7114,71252,36950,-43354,1222.75,1226.75,1215.5,1226.75,2375
2014-08-12,641181,229607,228214,80450,9632,124172,85110,70648,106875,1393,70818,39062,-36227,1290.0,1315.0,1281.0,1315.0,592
2014-08-19,645199,234168,232539,83055,7617,121615,87611,71306,104560,1629,75438,34004,-33254,1120.25,1122.5,1106.5,1112.5,14811
2014-08-26,648601,241726,223567,83371,10227,118131,92098,72303,108048,18159,73144,26033,-35745,1075.5,1123.0,1072.75,1123.0,11001
2014-09-02,673214,248979,224383,84480,12536,117485,94981,76495,112719,24596,71944,22504,-36224,1097.25,1108.0,1085.0,1090.25,388
2014-09-09,695012,263727,227117,84241,14721,108622,98577,81027,113752,36610,69520,10045,-32725,1076.5,1094.5,1076.0,1090.0,94
2014-09-16,727980,286054,228633,81766,14721,117885,95232,78595,132890,57421,67045,22653,-54295,980.75,999.75,976.75,989.25,122776
2014-09-23,751751,298748,230117,77663,15890,118709,91016,83898,142711,68631,61773,27693,-58813,936.25,944.5,931.0,936.0,84494
2014-09-30,774659,297029,226688,76828,21461,128042,88101,87274,151581,70341,55367,39941,-64307,913.25,930.0,909.75,922.0,174090
2014-10-07,782571,289671,236714,79343,20195,126705,101954,88604,129526,52957,59148,24751,-40922,940.75,955.0,933.25,941.0,186992
2014-10-14,811524,289101,247730,78832,19328,135331,101624,91777,132572,41371,59504,33707,-40795,964.75,970.5,943.25,943.75,225993
2014-10-21,796971,277182,249456,76336,18086,133612,97701,104186,133450,27726,58250,35911,-29264,964.25,966.75,942.75,944.0,169993
2014-10-28,693740,248249,240962,89233,9345,112697,86333,84513,111614,7287,79888,26364,-27101,1008.0,1034.5,1000.0,1004.25,152117
2014-11-04,655299,237371,250338,91786,6109,112103,74276,84427,108962,-12967,85677,37827,-24535,1010.0,1029.0,1005.0,1027.25,9676
2014-11-11,660607,231304,263226,95497,8289,118986,64081,80077,109867,-31922,87208,54905,-29790,1066.5,1075.0,1023.25,1025.75,3897
2014-11-18,669902,246322,276771,96440,7009,111745,65955,74847,100938,-30449,89431,45790,-26091,1023.25,1042.0,1021.0,1036.75,83250
2014-11-25,672574,250353,277624,96197,8792,116504,66236,69628,100654,-27271,87405,50268,-31026,1051.0,1054.0,1033.0,1033.75,98567
2014-12-02,675751,253050,258819,93406,7863,106398,73331,67385,99022,-5769,85543,33067,-31637,995.75,1022.0,995.0,1017.0,116216
2014-12-09,693400,243459,275639,92981,8687,114397,55193,67421,104123,-32180,84294,59204,-36702,1049.25,1050.0,1038.5,1043.0,104304
2014-12-16,695296,236399,268132,91132,8197,117830,62189,69416,102781,-31733,82935,55641,-33365,1023.5,1039.0,1021.5,1034.25,145997
2014-12-23,660066,223934,261891,96035,7554,119041,60808,67487,105757,-37957,88481,58233,-38270,1038.5,1048.0,1033.25,1036.5,68196
2014-12-30,606663,204841,244539,93672,7504,118492,65952,66282,88597,-39698,86168,52540,-22315,1037.75,1049.75,1036.25,1041.5,50456
2015-01-06,609763,206130,248071,94099,7614,121157,64899,68355,92204,-41941,86485,56258,-23849,1051.0,1052.5,1034.0,1037.5,3994
2015-01-13,618995,222581,239955,91341,7338,111750,77949,72974,93629,-17374,84003,33801,-20655,1000.0,1022.25,998.0,1017.5,1454
2015-01-20,648949,237719,231561,90831,8595,101185,85483,80008,103450,6158,82236,15702,-23442,982.0,986.75,972.25,982.0,114400
2015-01-27,682972,273810,243229,92586,8809,89486,95273,75016,102712,30581,83777,-5787,-27696,973.75,985.5,972.25,982.25,101221
2015-02-03,708274,275191,261762,93936,7991,102226,90679,71697,109486,13429,85945,11547,-37789,987.0,999.0,959.75,959.75,183638
2015-02-10,726768,279939,256998,95999,6406,90146,97900,70671,104030,22941,89593,-7754,-33359,969.0,986.0,967.0,978.25,171876
2015-02-17,702704,261350,257742,98717,6826,93014,84163,72192,109648,3608,91891,8851,-37456,1007.75,1009.0,991.5,992.0,104614
2015-02-24,677947,236151,250325,98081,5815,101549,78215,74670,111070,-14174,92266,23334,-36400,1016.0,1029.0,999.0,999.25,111284
2015-03-03,671988,218491,245853,103866,5685,99816,78031,93102,110176,-27362,98181,21785,-17074,1008.75,1015.0,998.5,1011.75,8847
2015-03-10,678241,243008,260141,103308,5446,84788,81382,92566,104365,-17133,97862,3406,-11799,980.0,989.0,978.0,987.25,1138
2015-03-17,716017,263521,277208,101586,5825,80507,94847,101939,98124,-13687,95761,-14340,3815,954.5,973.0,953.5,968.0,113419
2015-03-24,728285,261763,291504,110092,5097,82536,95806,102654,97960,-29741,104995,-13270,4694,981.75,985.0,975.75,983.75,90487
2015-03-31,763912,274182,301309,111689,4955,85022,106956,103504,95856,-27127,106734,-21934,7648,973.25,981.0,951.25,967.0,173826
2015-04-07,753955,272032,306402,112680,5718,77695,102638,106559,92654,-34370,106962,-24943,13905,971.0,984.0,970.0,977.75,107655
2015-04-14,794398,295330,308716,115979,4751,69960,126724,110491,90942,-13386,111228,-56764,19549,960.25,961.5,948.5,948.75,142042
2015-04-21,749699,260347,297769,114701,4408,75942,103560,107917,91047,-37422,110293,-27618,16870,975.25,977.0,968.75,976.75,67881
2015-04-28,692811,235474,277026,112646,3508,80110,102024,106424,88394,-41552,109138,-21914,18030,977.5,988.5,972.0,972.0,78014
2015-05-05,688679,228534,274572,118359,3646,84620,100328,107010,92245,-46038,114713,-15708,14765,993.5,994.5,981.5,982.5,2787
2015-05-12,693980,232697,274707,119732,3278,80444,118929,118130,87069,-42010,116454,-38485,31061,967.0,991.25,967.0,982.0,1362
2015-05-19,692395,240677,245449,118837,3092,66485,142086,114991,85241,-4772,115745,-75601,29750,946.25,956.0,942.0,953.25,119636
2015-05-26,710533,243962,237825,117389,3069,67245,157174,113283,78308,6137,114320,-89929,34975,922.5,930.5,920.5,923.75,106436
2015-06-02,748391,255287,265985,126352,4103,73142,156035,113170,79106,-10698,122249,-82893,34064,940.75,944.5,925.25,926.0,117943
2015-06-09,744119,249429,276145,128786,5453,70751,148247,109730,70315,-26716,123333,-77496,39415,951.5,955.0,943.25,946.0,134068
2015-06-16,737549,231287,276550,127197,5263,81604,140178,111911,73249,-45263,121934,-58574,38662,957.5,959.0,938.75,939.0,129787
2015-06-23,701538,200943,303582,127448,5390,90440,85655,101826,76393,-102639,122058,4785,25433,987.5,996.0,978.0,989.5,107174
2015-06-30,665965,186104,355367,134202,5816,110319,54429,82325,58099,-169263,128386,55890,24226,1056.25,1059.25,993.75,1000.5,20171
2015-07-07,665404,179358,369280,133004,4669,113848,50614,79288,43929,-189922,128335,63234,35359,1002.0,1033.75,1001.0,1029.0,2096
2015-07-14,676444,190577,383695,121661,5257,114017,40508,83200,49663,-193118,116404,73509,33537,1039.0,1060.0,1039.0,1052.5,34977
2015-07-21,679722,188287,387890,119510,4311,117221,34842,83954,52412,-199603,115199,82379,31542,1018.75,1020.0,1008.25,1011.0,30275
2015-07-28,634083,184285,347131,109177,3015,104990,34290,70899,49628,-162846,106162,70700,21271,974.75,976.75,962.75,963.0,26707
2015-08-04,642573,193532,349837,107419,4804,98758,38213,77408,50150,-156305,102615,60545,27258,976.0,986.5,971.0,977.5,2126
2015-08-11,648712,191805,371962,109100,6650,100159,33895,82032,43913,-180157,102450,66264,38119,1014.0,1039.5,1013.0,1039.0,824
2015-08-18,658363,213381,351854,104535,5309,83655,51235,88844,53688,-138473,99226,32420,35156,913.25,929.25,912.25,925.25,14548
2015-08-25,655907,223678,329748,101559,7088,72565,53969,88551,60236,-106070,94471,18596,28315,894.25,908.0,888.0,893.0,16197
2015-09-01,656453,223010,316665,101615,6890,71519,74504,91658,57957,-93655,94725,-2985,33701,884.75,894.75,878.75,891.75,1376
2015-09-08,654678,216765,317930,101177,6368,72456,76442,97820,59009,-101165,94809,-3986,38811,890.75,895.0,882.25,884.0,923
2015-09-15,669738,221876,316745,99640,6686,73608,85784,99521,60288,-94869,92954,-12176,39233,889.0,894.5,883.0,886.5,106777
2015-09-22,688550,232743,318366,100690,6306,72258,99574,100585,55717,-85623,94384,-27316,44868,861.75,873.5,861.0,871.25,118016
2015-09-29,699001,233596,342458,100471,7516,68925,86004,107690,50694,-108862,92955,-17079,56996,884.25,884.75,873.5,876.25,106478
2015-10-06,704546,232487,353067,103918,6432,72736,80963,102860,50945,-120580,97486,-8227,51915,888.0,895.5,879.25,879.25,134181
2015-10-13,733840,223958,360426,101441,8624,88446,78724,104160,50749,-136468,92817,9722,53411,914.0,915.0,886.0,886.25,239517
2015-10-20,733699,251446,369743,83038,8893,78684,66755,107245,55034,-118297,74145,11929,52211,896.0,901.75,889.5,890.25,149191
2015-10-27,657291,236318,328408,89938,8716,75343,71688,66410,46262,-92090,81222,3655,20148,891.25,895.25,882.0,885.75,97849
2015-11-03,637483,238522,308080,87045,8723,64006,83809,67573,46527,-69558,78322,-19803,21046,878.5,887.5,875.0,878.5,7186
2015-11-10,668620,260882,297052,85283,8612,63234,112164,69929,49944,-36170,76671,-48930,19985,864.5,875.25,859.25,875.0,1793
2015-11-17,679275,260901,301137,85094,7958,58904,105874,72736,52852,-40236,77136,-46970,19884,864.0,865.0,857.75,859.5,73486
2015-11-24,692979,268591,304465,87497,7935,55768,105952,73133,59008,-35874,79562,-50184,14125,863.75,869.25,861.25,864.0,94127
2015-12-01,688485,252859,309084,99073,8450,66721,96493,66535,62971,-56225,90623,-29772,3564,889.25,891.75,880.0,881.0,120518
2015-12-08,698467,259209,328529,96847,6752,77525,85737,60298,62866,-69320,90095,-8212,-2568,876.75,887.0,872.75,886.0,155245
2015-12-15,692992,260964,310902,91214,6954,68305,91256,60006,63242,-49938,84260,-22951,-3236,867.25,877.5,866.5,873.5,115700
2015-12-22,680534,263322,310923,93777,5398,62878,92363,59682,64678,-47601,88379,-29485,-4996,885.25,895.0,885.0,891.0,64155
2015-12-29,646657,255949,274080,93335,4351,53186,109641,58328,62156,-18131,88984,-56455,-3828,870.0,876.25,865.0,866.5,55929
2016-01-05,658069,257802,253315,94193,4203,55531,125289,62185,71342,4487,89990,-69758,-9157,867.75,873.25,866.25,866.25,5460
2016-01-12,671806,252684,274555,101136,4333,67091,112276,59579,79892,-21871,96803,-45185,-20313,890.75,899.5,875.5,881.5,2427
2016-01-19,665786,244382,291904,102527,5219,70235,87061,63145,85413,-47522,97308,-16826,-22268,883.5,888.0,880.5,881.0,120808
2016-01-26,685068,259407,305264,104284,4982,68513,89706,66208,85519,-45857,99302,-21193,-19311,876.5,882.5,875.5,879.75,95467
2016-02-02,715617,262366,313880,108272,5090,80874,96663,67559,92297,-51514,103182,-15789,-24738,886.25,889.5,878.25,880.25,142056
2016-02-09,736229,279113,299087,109040,4848,65511,120853,69384,84581,-19974,104192,-55342,-15197,863.25,866.5,859.5,862.75,136517
2016-02-16,746016,272891,310764,109751,5065,77622,110694,66710,89219,-37873,104686,-33072,-22509,879.75,882.75,873.25,875.5,168027
2016-02-23,713828,250343,302065,101835,5236,82684,95126,67015,83950,-51722,96599,-12442,-16935,869.25,880.25,868.0,880.0,110272
2016-03-01,701548,249441,263690,103007,4900,58003,127930,76020,84084,-14249,98107,-69927,-8064,850.75,858.25,849.75,853.0,9982
2016-03-08,696854,248794,289242,102927,6681,66138,106256,72913,75087,-40448,96246,-40118,-2174,877.5,877.5,870.75,872.0,787
2016-03-15,710513,229901,326194,110132,8848,102438,78923,71985,82039,-96293,101284,23515,-10054,892.0,895.5,888.5,894.75,101683
2016-03-22,749752,219647,350737,119497,12064,125456,72603,76915,84503,-131090,107433,52853,-7588,910.25,914.0,900.0,901.5,181690
2016-03-29,763700,204358,359253,127377,13028,139667,69512,75893,77190,-154895,114349,70155,-1297,916.0,917.0,907.0,908.25,127052
2016-04-05,772217,207421,358339,136284,10708,139732,69454,75295,84513,-150918,125576,70278,-9218,904.75,916.5,904.0,911.5,124866
2016-04-12,840936,238476,405154,137673,12567,159592,65574,81219,92040,-166678,125106,94018,-10821,936.25,938.75,924.75,927.5,220988
2016-04-19,895583,248724,459544,136580,13494,178900,49016,90310,87483,-210820,123086,129884,2827,985.5,987.0,953.0,954.25,213324
2016-04-26,807402,197540,437186,125802,13275,181961,32882,88208,56207,-239646,112527,149079,32001,1017.75,1018.75,991.75,999.25,88136
2016-05-03,794400,181528,435967,127311,12450,192263,31271,89182,56650,-254439,114861,160992,32532,1021.5,1047.5,1015.0,1035.0,5036
2016-05-10,834128,183707,473881,129803,12680,215951,23421,98789,61803,-290174,117123,192530,36986,1076.0,1082.0,1018.5,1018.5,1003
2016-05-17,856259,210169,495053,122079,12202,205228,17721,96137,57642,-284884,109877,187507,38495,1080.25,1086.75,1062.75,1063.75,134099
2016-05-24,869742,235328,517502,117325,11086,193910,13354,111728,67707,-282174,106239,180556,44021,1054.75,1069.75,1043.5,1057.5,143916
2016-05-31,885635,240428,525781,112475,11319,200896,14910,112581,64878,-285353,101156,185986,47703,1078.5,1096.0,1077.0,1086.0,115268
2016-06-07,872273,230862,533508,113585,10520,196159,15060,125901,64823,-302646,103065,181099,61078,1141.25,1148.75,1129.0,1136.75,159669
2016-06-14,882500,222608,541801,117553,5724,195597,17371,127558,58676,-319193,111829,178226,68882,1169.5,1176.5,1152.75,1168.0,128076
2016-06-21,865099,222934,532660,113634,7087,188907,13452,128159,61131,-309726,106547,175455,67028,1133.25,1151.75,1128.75,1145.0,96099
2016-06-28,781072,194138,497989,101457,6251,176956,10353,134096,48625,-303851,95206,166603,85471,1150.5,1165.5,1128.25,1130.5,48614
2016-07-05,758851,194036,472688,101748,4557,161792,19755,135414,49217,-278652,97191,142037,86197,1117.0,1150.25,1110.0,1150.25,2887
2016-07-12,766037,203274,472793,99705,5611,148582,19769,143416,56123,-269519,94094,128813,87293,1107.25,1107.25,1080.0,1080.0,757
2016-07-19,771578,214586,471893,95796,3794,140945,27669,150317,61447,-257307,92002,113276,88870,1044.0,1079.0,1041.0,1076.5,45502
2016-07-26,702484,198477,427349,87880,4045,128722,19026,124782,53007,-228872,83835,109696,71775,993.5,1002.75,980.5,984.0,40125
2016-08-02,682021,200430,407105,86585,7818,120374,23353,124220,56540,-206675,78767,97021,67680,985.25,998.5,976.0,994.25,5283
2016-08-09,674104,191331,401779,87781,8867,118622,19197,125612,54990,-210448,78914,99425,70622,1022.0,1032.0,1011.5,1018.0,865
2016-08-16,670757,197245,399908,87491,7953,111003,22493,118731,50321,-202663,79538,88510,68410,1019.5,1028.5,1012.25,1022.25,14832
2016-08-23,669874,182297,405334,88412,8074,134135,20689,114850,48917,-223037,80338,113446,65933,1034.25,1036.75,1026.5,1030.5,8486
2016-08-30,632779,186929,369603,87767,8634,117387,24123,100125,46843,-182674,79133,93264,53282,965.5,986.0,960.5,984.0,11672
2016-09-06,628449,186937,355163,87715,8935,104750,27203,102673,48132,-168226,78780,77547,54541,974.25,978.0,965.5,969.0,1159
2016-09-13,625277,186430,340368,87157,9967,102602,29716,96861,50795,-153938,77190,72886,46066,968.25,982.5,968.25,982.5,256
2016-09-20,650105,192281,356962,86606,10356,110243,23461,93339,54905,-164681,76250,86782,38434,989.75,994.0,970.75,973.5,116064
2016-09-27,645605,193614,330921,91498,9774,95210,40598,93717,49859,-137307,81724,54612,43858,952.5,953.5,934.0,946.75,153261
2016-10-04,651042,190216,342974,92810,7758,100243,38252,89683,46734,-152758,85052,61991,42949,963.5,972.0,960.25,970.75,123524
2016-10-11,652265,182441,349493,96172,8118,95771,26982,95225,45179,-167052,88054,68789,50046,954.25,960.75,951.5,953.5,147788
2016-10-18,687868,190684,377072,92943,7257,112057,23785,100967,49466,-186388,85686,88272,51501,972.5,987.0,971.5,977.5,178280
2016-10-25,639067,163250,361442,119737,3092,119324,19858,74635,49124,-198192,116645,99466,25511,990.75,997.0,981.25,991.25,176985
2016-11-01,615146,143329,358206,123784,1811,133244,21436,76682,48853,-214877,121973,111808,27829,984.25,1005.25,983.0,1002.0,11397
2016-11-08,620641,139611,369344,125894,3157,144227,19106,76377,48827,-229733,122737,125121,27550,1001.75,1011.25,989.0,989.5,3434
2016-11-15,617685,151460,354833,134904,2596,124841,28088,72278,49691,-203373,132308,96753,22587,989.5,992.75,978.75,985.5,86739
2016-11-22,668531,159037,379580,136671,3974,145457,29813,81266,56665,-220543,132697,115644,24601,1030.0,1033.25,1015.25,1020.0,131446
2016-11-29,721091,166752,413537,144865,3957,171058,33687,89149,62347,-246785,140908,137371,26802,1042.5,1058.75,1039.25,1055.0,126698
2016-12-06,736998,178851,414040,144460,4180,159782,35024,88205,57528,-235189,140280,124758,30677,1047.75,1061.75,1039.0,1042.5,135200
2016-12-13,742646,192565,410717,131245,3742,155222,33363,85360,55225,-218152,127503,121859,30135,1028.0,1038.75,1025.25,1031.25,132890
2016-12-20,716574,199510,395657,124953,4061,146628,34635,77732,53151,-196147,120892,111993,24581,1005.25,1024.0,1004.0,1021.25,124535
2016-12-27,677946,191750,380500,121821,3339,135016,27723,69173,42733,-188750,118482,107293,26440,1014.75,1015.25,989.25,989.75,82741
2017-01-03,629759,176731,351687,114861,4412,126044,27790,69359,41783,-174956,110449,98254,27576,986.75,1002.75,986.5,996.0,6581
2017-01-10,628625,177196,348947,118864,5313,128922,29174,67703,48349,-171751,113551,99748,19354,1005.5,1005.75,990.0,993.75,2449
2017-01-17,682682,180899,387260,123601,5607,163971,26750,78616,61072,-206361,117994,137221,17544,1069.25,1075.5,1052.0,1054.0,201105
2017-01-24,728991,180622,414746,124807,5699,210540,24437,65058,70150,-234124,119108,186103,-5092,1058.5,1068.0,1051.25,1059.75,95242
2017-01-31,722216,191391,410217,123875,4596,185695,26228,66365,57383,-218826,119279,159467,8982,1024.5,1026.5,1019.5,1023.0,83518
2017-02-07,729898,190351,409882,131547,4967,180101,23793,65312,61087,-219531,126580,156308,4225,1042.75,1043.25,1032.0,1038.25,131436
2017-02-14,772254,190736,427901,133665,5661,195440,20736,66081,64464,-237165,128004,174704,1617,1045.0,1056.0,1042.5,1055.0,118663
2017-02-21,756976,195860,417621,130243,6802,184924,23329,66638,61464,-221761,123441,161595,5174,1026.25,1044.5,1026.0,1033.25,143010
2017-02-28,684523,167806,372828,129481,5324,163164,33474,67906,49404,-205022,124157,129690,18502,1025.0,1045.0,1012.5,1013.0,17713
2017-03-07,676564,166229,367885,133054,4580,160472,36407,67665,48351,-201656,128474,124065,19314,1014.75,1027.0,1012.0,1026.75,3547
2017-03-14,676014,203365,350383,118829,7534,138945,45401,62087,50153,-147018,111295,93544,11934,987.25,996.5,983.0,996.5,112349
2017-03-21,699616,226936,345174,122661,6835,120463,59824,63231,52913,-118238,115826,60639,10318,1001.5,1008.0,995.0,1000.0,103325
2017-03-28,708598,249948,340316,114771,6907,109724,72926,58283,43416,-90368,107864,36798,14867,972.0,976.5,970.0,971.25,92837
2017-04-04,741939,279892,334069,104310,7209,91210,95568,71427,44912,-54177,97101,-4358,26515,937.75,942.75,936.5,939.25,120200
2017-04-11,768817,295387,321151,97506,7569,83350,117313,79583,45566,-25764,89937,-33963,34017,939.25,945.0,929.75,941.75,136337
2017-04-18,771596,311712,320352,90511,8012,84774,133964,77498,40981,-8640,82499,-49190,36517,946.0,955.0,939.75,952.5,154742
2017-04-25,673587,280565,261723,90209,9703,81578,134053,52886,44148,18842,80506,-52475,8738,954.5,961.0,954.0,959.0,84731
2017-05-02,641899,258068,247525,92011,9168,84803,136286,54273,42573,10543,82843,-51483,11700,958.0,967.75,955.0,958.5,6949
2017-05-09,640178,251364,249510,92506,9148,95545,133898,52925,44459,1854,83358,-38353,8466,965.25,968.0,956.25,956.25,449
2017-05-16,647710,252092,250968,94363,8881,93423,132735,52619,42130,1124,85482,-39312,10489,976.25,977.25,964.0,964.75,94232
2017-05-23,666788,273018,254590,91793,8636,78255,148030,64129,42285,18428,83157,-69775,21844,948.25,959.25,947.0,956.25,91457
2017-05-30,688531,292178,253912,87541,8615,73586,167376,70999,40556,38266,78926,-93790,30443,912.75,928.5,910.5,926.0,134220
2017-06-06,706764,296092,255634,80037,9199,78869,180621,77978,43108,40458,70838,-101752,34870,923.5,934.25,920.0,921.0,122797
2017-06-13,700351,280149,257791,77246,9794,75600,166390,83901,39067,22358,67452,-90790,44834,932.5,941.5,931.75,933.75,122202
2017-06-20,706456,293790,259470,70515,10990,71851,168284,86143,40200,34320,59525,-96433,45943,927.75,940.75,926.0,937.25,116399
2017-06-27,684964,292118,239241,88473,6923,70093,196005,67147,35775,52877,81550,-125912,31372,911.25,918.0,909.0,909.0,89490
2017-07-03,658517,262859,248465,90904,13518,76394,159024,67231,44030,14394,77386,-82630,23201,964.75,976.0,949.5,949.5,4575
2017-07-11,675354,254875,310077,88692,15337,100304,93092,67608,56820,-55202,73355,7212,10788,1025.25,1027.75,1010.5,1027.75,647
2017-07-18,652228,233114,315639,91117,14111,103654,72369,65673,56127,-82525,77006,31285,9546,989.5,1004.25,985.75,997.25,36919
2017-07-25,628115,214214,318177,95374,12792,94209,58256,76024,53192,-103963,82582,35953,22832,981.5,1022.75,981.0,1012.0,60667
2017-08-01,623648,208767,308621,95429,13275,95655,69139,76468,48279,-99854,82154,26516,28189,959.5,986.75,958.25,985.25,6446
2017-08-08,619352,222281,307220,94696,14037,77483,76670,81756,41157,-84939,80659,813,40599,963.0,967.5,962.5,967.0,480
2017-08-15,647201,235802,304949,91070,18467,74701,97352,92900,36964,-69147,72603,-22651,55936,921.75,934.25,920.25,932.75,27865
2017-08-22,673527,245293,301734,92285,18277,78000,113295,94725,41392,-56441,74008,-35295,53333,933.75,938.5,927.75,931.25,17264
2017-08-29,652422,245875,276549,96178,15523,76736,109413,67360,49390,-30674,80655,-32677,17970,930.75,937.25,929.5,934.5,18217
2017-09-05,663179,241223,290056,96449,15316,83238,95767,62400,51915,-48833,81133,-12529,10485,960.5,965.0,945.0,945.0,1399
2017-09-12,667033,239912,292223,99619,15016,87260,94506,62615,51777,-52311,84603,-7246,10838,944.25,955.25,937.5,955.25,52
2017-09-19,662802,225736,297061,101332,15020,89333,77744,65772,57237,-71325,86312,11589,8535,965.5,971.75,958.5,968.5,111414
2017-09-26,673029,224783,311567,101980,15265,96108,71095,63915,54900,-86784,86715,25013,9015,963.5,974.25,962.5,971.25,146295
2017-10-03,695045,239034,326917,97247,14404,96167,73032,67256,52257,-87883,82843,23135,14999,955.25,961.25,952.5,956.75,94821
2017-10-10,717176,258764,355555,97347,12884,87957,62088,69617,51243,-96791,84463,25869,18374,966.0,975.75,964.25,966.25,136485
2017-10-17,744280,256656,386025,98027,10803,110613,43100,67707,53336,-129369,87224,67513,14371,984.75,990.5,982.5,990.0,134302
2017-10-24,765011,273738,379465,98003,11809,98658,51424,71257,61998,-105727,86194,47234,9259,975.5,983.0,972.75,980.0,136868
2017-10-31,665457,217037,333807,98746,13614,94831,55815,70713,41857,-116770,85132,39016,28856,973.75,977.5,971.0,972.75,22828
2017-11-07,687514,221913,348536,102400,13252,97847,52794,72002,46241,-126623,89148,45053,25761,986.0,988.25,981.75,986.0,3775
2017-11-14,711001,245421,341005,94976,14088,92482,75213,80578,45960,-95584,80888,17269,34618,959.0,967.25,958.5,966.0,101927
2017-11-21,719935,255864,355817,97768,17267,84836,64522,76608,44679,-99953,80501,20314,31929,989.0,991.25,986.25,990.0,75304
2017-11-28,733424,258676,365486,98661,17369,86557,56512,76896,44068,-106810,81292,30045,32828,993.0,996.0,987.5,996.0,96755
2017-12-05,769361,253848,388668,99083,19035,106441,51556,80177,42477,-134820,80048,54885,37700,1008.5,1015.0,997.5,998.5,157924
2017-12-12,732220,272159,365816,97126,18424,83076,70621,81356,38566,-93657,78702,12455,42790,975.75,986.25,975.0,981.75,161910
2017-12-19,758065,295997,337358,89848,19360,69068,121555,95987,33218,-41361,70488,-52487,62769,956.0,964.0,955.0,962.25,104929
2017-12-26,745186,286859,306722,96350,16534,69246,140623,87238,39192,-19863,79816,-71377,48046,959.25,963.0,952.25,952.25,57390
2018-01-02,714287,276361,278603,94586,14390,67873,155716,87962,44873,-2242,80196,-87843,43089,955.0,960.0,949.5,956.5,2900
2018-01-09,733182,290837,279268,99239,13768,69126,164834,81269,50994,11569,85471,-95708,30275,955.75,959.25,953.5,958.75,580
2018-01-16,766686,298868,276500,102413,12805,70762,176467,80895,53838,22368,89608,-105705,27057,968.0,970.0,963.25,965.0,97797
2018-01-23,783339,299842,290460,109467,13203,73602,154820,73074,58946,9382,96264,-81218,14128,986.25,988.75,979.5,983.0,107959
2018-01-30,790223,286892,327803,113152,13053,83342,106484,70944,60601,-40911,100099,-23142,10343,1000.25,1004.75,988.25,994.5,169083
2018-02-06,784222,282073,340023,113167,13181,80633,93228,70167,55679,-57950,99986,-12595,14488,986.25,987.5,967.75,969.75,179233
2018-02-13,757288,273897,381024,120181,12028,94855,57989,72157,57860,-107127,108153,36866,14297,1011.75,1013.5,998.75,1001.0,177145
2018-02-20,804370,271749,434334,125530,12968,127468,34887,81428,67143,-162585,112562,92581,14285,1026.5,1039.0,1024.5,1031.5,193966
2018-02-27,772367,231781,442159,122529,12726,160203,20357,78041,62530,-210378,109803,139846,15511,1038.0,1044.25,1031.75,1034.0,78531
2018-03-06,819234,221435,477898,142031,18018,188512,10681,84462,67416,-256463,124013,177831,17046,1064.5,1067.0,1060.75,1066.0,2839
2018-03-13,849743,226003,491597,147484,19362,209152,8378,82143,81535,-265594,128122,200774,608,1040.5,1043.25,1035.5,1035.5,249
2018-03-20,851441,239171,494446,146597,21490,196461,12221,82864,69284,-255275,125107,184240,13580,1028.25,1029.75,1022.25,1022.25,78890
2018-03-27,872794,259540,505453,145050,21631,183493,10482,89529,69740,-245913,123419,173011,19789,1019.5,1031.25,1017.25,1027.0,98041
2018-04-03,906217,259471,533718,155604,22051,184893,12464,99158,61126,-274247,133553,172429,38032,1038.0,1048.75,1035.75,1036.25,135404
2018-04-10,936447,276117,557537,158375,22791,180851,11312,101291,60565,-281420,135584,169539,40726,1050.0,1064.0,1045.0,1045.5,171444
2018-04-17,970469,287591,585045,159883,20109,195145,6982,94485,58291,-297454,139774,188163,36194,1046.0,1049.25,1040.0,1043.25,81326
2018-04-24,906318,269504,544472,161164,15943,180681,10766,79256,56149,-274968,145221,169915,23107,1022.25,1026.25,1016.25,1020.75,90059
2018-05-01,847595,226073,520796,160315,12976,187160,8878,83686,58808,-294723,147339,178282,24878,1042.5,1044.0,1031.25,1038.75,6794
2018-05-08,852051,244376,514548,163428,10224,148614,26149,99071,48889,-270172,153204,122465,50182,1011.25,1011.75,1002.25,1004.25,784
2018-05-15,878836,258649,516804,165656,10863,140492,39420,104707,50131,-258155,154793,101072,54576,1018.75,1025.25,1005.25,1017.25,115400
2018-05-22,897471,266694,515893,164119,8856,129399,34603,102130,53456,-249199,155263,94796,48674,1030.5,1036.0,1020.25,1022.0,106181
2018-05-29,910312,265299,515947,162604,9516,131910,28320,106029,59386,-250648,153088,103590,46643,1030.5,1049.5,1028.0,1045.25,128700
2018-06-05,912593,257006,493998,168839,10583,109869,44692,115888,54116,-236992,158256,65177,61772,1001.25,1006.75,997.25,1002.25,127577
2018-06-12,923162,261420,458756,157739,10151,87605,87500,144463,52912,-197336,147588,105,91551,954.0,963.25,952.0,956.5,137200
2018-06-19,917545,277906,438872,150750,12476,87683,114720,136982,51766,-160966,138274,-27037,85216,889.0,905.75,841.5,905.0,196376
2018-06-26,838292,279133,373427,134810,11518,77622,130278,95467,41526,-94294,123292,-52656,53941,867.25,881.0,862.5,873.25,88854
2018-07-03,803511,248977,333087,130021,11248,72724,136886,101306,41873,-84110,118773,-64162,59433,844.0,852.75,843.0,849.5,0
2018-07-10,831732,252800,345110,129241,14354,77363,140906,109432,40742,-92310,114887,-63543,68690,852.25,860.25,847.5,849.0,866
2018-07-17,857941,270186,356644,128867,17223,75154,147163,112913,39754,-86458,111644,-72009,73159,839.5,843.5,830.0,833.25,37736
2018-07-24,860280,264280,341268,130411,18918,81975,155334,104230,41685,-76988,111493,-73359,62545,858.0,862.75,842.5,844.0,39163
2018-07-31,804573,222763,307828,134306,16217,83014,149573,94534,42058,-85065,118089,-66559,52476,903.75,906.0,873.25,875.5,15115
2018-08-07,789827,237133,310364,133060,15813,76334,139400,90588,46200,-73231,117247,-63066,44388,889.25,891.25,883.25,887.75,2138
2018-08-14,800037,255122,311298,135494,16952,77154,139388,78023,51550,-56176,118542,-62234,26473,864.5,864.5,856.5,858.5,16365
2018-08-21,789943,256199,323121,133458,18483,78911,120938,76227,52004,-66922,114975,-42027,24223,874.5,883.25,873.5,874.0,18546
2018-08-28,801315,273659,314241,136066,22471,75059,136308,74406,53722,-40582,113595,-61249,20684,820.5,836.5,820.25,833.25,26658
2018-09-04,808144,277871,306447,134375,19200,78159,147958,75354,61212,-28576,115175,-69799,14142,832.0,838.75,826.5,832.0,1583
2018-09-11,826269,294544,309269,132459,21209,77326,156221,76703,64360,-14725,111250,-78895,12343,820.25,836.75,820.25,836.75,351
2018-09-18,868535,306808,314824,131097,23994,83287,165504,79816,67125,-8016,107103,-82217,12691,814.0,825.25,812.25,821.0,94047
2018-09-25,865196,305097,328643,128076,21664,89562,149688,72039,66774,-23546,106412,-60126,5265,845.75,858.0,837.25,841.25,160953
2018-10-02,861752,296297,338860,129854,17980,91548,134426,70756,66905,-42563,111874,-42878,3851,866.0,867.25,853.0,856.75,117212
2018-10-09,847629,283926,321944,126252,17051,87990,127681,68096,69699,-38018,109201,-39691,-1603,863.0,872.5,859.25,869.75,141122
2018-10-16,856882,288313,339896,128749,14188,87564,118676,67336,65998,-51583,114561,-31112,1338,884.75,891.25,879.25,891.25,106588
2018-10-23,840910,287145,325840,124748,18100,85486,124765,69427,61687,-38695,106648,-39279,7740,857.5,862.75,851.0,857.5,107486
2018-10-30,758346,264293,271269,118698,13101,74062,143977,61185,55485,-6976,105597,-69915,5700,833.5,842.0,832.25,839.0,107969
2018-11-06,749701,252369,291597,120020,12595,74952,113818,60556,55703,-39228,107425,-38866,4853,872.0,874.5,866.75,872.25,4267
2018-11-13,747077,264356,291324,119486,15532,74434,123919,60713,53186,-26968,103954,-49485,7527,867.25,876.25,867.25,871.75,2529
2018-11-20,736279,262966,292352,117752,14888,73778,126957,61751,50919,-29386,102864,-53179,10832,881.0,885.75,870.5,874.25,68069
2018-11-27,740891,268142,298470,118168,15837,73241,132544,65814,46357,-30328,102331,-59303,19457,875.5,880.0,858.25,862.5,98671
2018-12-04,741450,250456,325059,113374,16592,88963,101539,65923,44396,-74603,96782,-12576,21527,911.75,913.0,899.5,903.25,107528
2018-12-11,739226,261739,325559,112694,18316,84880,85563,59929,53315,-63820,94378,-683,6614,915.0,917.25,906.0,907.75,114414
2018-12-18,738470,265086,334434,109922,21664,88020,74854,57137,55772,-69348,88258,13166,1365,907.75,912.25,902.75,902.75,91101
2018-12-24,701165,262347,329066,105377,7906,74614,77853,54702,47353,-66719,97471,-3239,7349,884.0,886.5,879.5,883.25,30790
2018-12-31,665638,240584,301144,104891,6906,68802,83097,58405,46204,-60560,97985,-14295,12201,882.5,889.0,879.25,885.5,13220
2019-01-08,673773,240270,313024,103941,6059,81299,76585,55141,49081,-72754,97882,4714,6060,906.25,912.5,903.0,911.75,3286
2019-01-15,684787,249103,307826,104365,6050,68349,85047,59231,46640,-58723,98315,-16698,12591,893.25,908.0,892.5,904.25,107769
2019-01-22,696118,254570,303691,105026,6412,66095,81389,55147,51690,-49121,98614,-15294,3457,909.25,919.5,899.5,916.5,126766
2019-01-29,691916,247842,314422,104095,7617,75594,70933,53971,50060,-66580,96478,4661,3911,919.0,922.25,916.75,921.75,86953
2019-02-05,740350,266871,331450,104741,8159,82242,70562,52880,57668,-64579,96582,11680,-4788,920.25,921.0,913.5,917.75,83109
2019-02-12,731689,283045,327500,101427,8468,75108,77236,50705,53899,-44455,92959,-2128,-3194,917.5,919.75,905.5,905.5,126536
2019-02-19,727412,283237,299965,95868,8652,65993,103890,54562,44984,-16728,87216,-37897,9578,900.75,911.25,894.75,907.25,119260
2019-02-26,650974,239604,264982,98700,9306,70733,103141,52223,42787,-25378,89394,-32408,9436,903.75,910.75,899.0,910.0,88696
2019-03-05,658689,233218,249555,93044,8216,69493,116249,53586,37761,-16337,84828,-46756,15825,901.25,904.75,896.75,904.75,3339
2019-03-12,694573,273427,249047,87460,8561,64923,153973,59840,36757,24380,78899,-89050,23083,884.75,885.0,880.25,880.5,237
2019-03-19,689476,265002,266966,87397,9228,71955,134159,55592,33868,-1964,78169,-62204,21724,904.0,909.5,900.25,905.5,78731
2019-03-26,711711,270837,287260,89817,9792,79563,127263,55598,35409,-16423,80025,-47700,20189,900.75,907.5,899.5,905.5,64159
2019-04-02,737102,281306,284112,88855,9789,81122,150275,63642,38529,-2806,79066,-69153,25113,900.0,901.25,892.5,895.75,78593
2019-04-09,767938,287153,299757,90934,10209,77057,147791,68051,35960,-12604,80725,-70734,32091,898.75,902.25,894.75,898.25,95488
2019-04-16,787124,301929,294472,89923,9073,72985,165729,70299,34461,7457,80850,-92744,35838,888.0,899.0,886.25,898.25,115185
2019-04-23,811336,330554,293056,86207,9164,63440,197384,79483,32039,37498,77043,-133944,47444,862.0,878.75,860.75,877.0,168391
2019-04-30,727156,287768,236106,100927,7310,59360,207396,66262,36561,51662,93617,-148036,29701,841.25,851.0,838.5,848.0,11508
2019-05-07,752910,292040,246920,101437,7531,60617,223645,77915,32398,45120,93906,-163028,45517,817.75,821.75,815.0,815.0,2555
2019-05-14,757088,283609,239870,107489,8563,59587,230728,79616,31870,43739,98926,-171141,47746,817.75,817.75,810.0,810.0,167862
2019-05-21,771522,285841,263077,105471,9190,62145,220143,87801,29744,22764,96281,-157998,58057,822.0,846.5,819.0,842.75,188028
2019-05-28,778621,276732,280120,105134,9610,64252,192389,80352,29198,-3388,95524,-128137,51154,856.0,858.25,837.5,840.0,148619
2019-06-04,771623,275594,292009,99835,11950,67402,158222,72353,29426,-16415,87885,-90820,42927,881.75,894.5,878.5,891.25,146836
2019-06-11,757333,270135,285237,98902,12010,67825,156714,72607,31387,-15102,86892,-88889,41220,859.25,863.5,850.25,855.5,138285
2019-06-18,777993,254419,321456,104809,16060,74092,128367,83141,31600,-67037,88749,-54275,51541,913.5,921.5,902.75,918.25,154004
2019-06-25,654165,223419,284401,92191,14280,65754,102618,61889,26893,-60982,77911,-36864,34996,903.5,917.75,900.5,915.0,141144
2019-07-02,648855,226798,289180,90495,10944,63061,103648,69548,25809,-62382,79551,-40587,43739,876.25,888.25,876.25,886.25,2636
2019-07-09,676785,226581,288988,92741,12170,67359,113109,71319,26807,-62407,80571,-45750,44512,882.75,882.75,870.75,872.25,936
2019-07-16,670495,217209,287611,94836,12054,68002,110483,72906,25241,-70402,82782,-42481,47665,887.75,900.0,885.0,899.75,64645
2019-07-23,666535,213662,281452,93172,12027,70547,113203,74185,27409,-67790,81145,-42656,46776,885.75,892.5,881.0,888.5,25780
2019-07-30,605996,190070,240708,90890,12128,71714,126874,66048,22171,-50638,78762,-55160,43877,878.75,887.0,871.5,884.75,52783
2019-08-06,633067,210699,240849,83469,10575,71331,147649,74624,23783,-30150,72894,-76318,50841,847.75,853.25,847.0,848.5,2306
2019-08-13,622488,202305,238998,83047,12779,72877,140080,78843,29287,-36693,70268,-67203,49556,872.0,872.0,871.25,872.0,145
2019-08-20,642876,208846,242344,83156,12454,73564,150384,79483,24403,-33498,70702,-76820,55080,855.75,862.0,853.0,856.25,14785
2019-08-27,644246,205225,233392,83828,13002,73400,148951,72388,26804,-28167,70826,-75551,45584,846.25,852.0,843.0,851.5,51663
2019-09-03,642132,208165,244436,86001,12527,75721,147279,71257,24683,-36271,73474,-71558,46574,856.5,856.5,848.75,855.5,2239
2019-09-10,669501,227311,250356,90789,12581,66899,156912,68831,25445,-23045,78208,-90013,43386,859.25,859.25,845.5,847.25,465
2019-09-17,669738,216020,282263,95807,11531,77648,123260,66440,30624,-66243,84276,-45612,35816,893.75,900.0,888.25,900.0,91238
2019-09-24,690291,222283,304299,98224,10955,77243,120296,71028,26740,-82016,87269,-43053,44288,894.25,899.0,890.5,892.5,96225
2019-10-01,713462,219204,345010,106396,13991,88430,99247,76628,27046,-125806,92405,-10817,49582,919.5,920.0,903.25,904.0,182135
2019-10-08,711318,209357,353154,118285,15094,99108,94644,64621,27664,-143797,103191,4464,36957,920.5,923.75,910.5,915.0,149426
2019-10-15,752145,213310,396301,129517,21307,120425,72472,55339,25944,-182991,108210,47953,29395,934.0,944.25,933.25,938.75,129605
2019-10-22,795241,226404,429474,135626,22006,127694,60522,52814,28530,-203070,113620,67172,24284,934.0,945.25,931.0,932.5,162322
2019-10-29,714564,188800,408623,131753,13857,121711,55862,61037,24203,-219823,117896,65849,36834,918.25,925.25,916.0,921.0,147901
2019-11-05,704165,183635,392011,136625,14876,116541,63038,61775,23345,-208376,121749,53503,38430,921.75,928.75,920.0,925.25,660
2019-11-12,743089,215570,400732,137368,13156,101227,75767,65721,22847,-185162,124212,25460,42874,905.75,909.25,905.0,906.0,158
2019-11-19,765303,229649,408909,137209,13232,93397,81721,69021,20783,-179260,123977,11676,48238,911.5,917.0,910.0,910.5,90805
2019-11-26,807569,256457,389594,132101,11181,73939,118595,80495,21972,-133137,120920,-44656,58523,884.25,895.0,882.75,892.75,104621
2019-12-03,850064,288895,376161,125329,9800,63681,165399,94789,19214,-87266,115529,-101718,75575,871.0,875.75,868.25,873.5,111142
2019-12-10,862952,317061,383634,121194,12203,61099,175349,89702,18949,-66573,108991,-114250,70753,901.25,902.25,896.25,897.5,100653
2019-12-17,805804,282719,377136,124536,13763,68124,148264,80140,16995,-94417,110773,-80140,63145,928.75,931.0,920.25,921.25,137658
2019-12-24,762410,246474,378795,131848,15005,71299,105187,70394,17265,-132321,116843,-33888,53129,936.5,937.5,929.0,933.0,45245
2019-12-31,713516,227236,369511,137797,15773,76687,84211,55447,18344,-142275,122024,-7524,37103,943.0,943.5,933.75,939.25,10926
2020-01-07,722012,228941,372710,139325,15466,77451,80302,50422,19120,-143769,123859,-2851,31302,935.0,935.0,928.75,933.5,866
2020-01-14,746122,233793,386047,140818,14441,79869,76684,50937,19461,-152254,126377,3185,31476,928.5,934.75,928.5,929.0,84463
2020-01-21,772676,249260,392564,146875,11971,69222,88563,55473,18488,-143304,134904,-19341,36985,916.0,931.5,915.25,930.0,119955
2020-01-28,818168,273190,389193,142985,11044,68439,123885,66434,17284,-116003,131941,-55446,49150,895.0,898.0,888.5,897.5,86749
2020-02-04,859677,273956,373182,134739,11192,74341,161337,83158,16000,-99226,123547,-86996,67158,879.5,887.0,873.75,876.25,102451
2020-02-11,880780,290427,376489,124567,16192,76546,173958,88455,14727,-86062,108375,-97412,73728,884.75,889.0,878.0,885.75,134299
2020-02-18,860488,287563,387072,123187,12628,74892,170867,93919,13808,-99509,110559,-95975,80111,892.25,898.5,889.25,894.75,133199
2020-02-25,812537,273565,357706,123551,10899,84976,160712,63272,18094,-84141,112652,-75736,45178,879.0,880.75,873.25,875.5,56793
2020-03-03,787023,253099,386379,124905,8043,86040,121028,63042,16676,-133280,116862,-34988,46366,893.0,895.5,889.25,891.25,3011
2020-03-10,810750,257395,405807,122584,7868,80983,108518,74289,15286,-148412,114716,-27535,59003,873.0,879.5,871.5,874.25,380
2020-03-17,790660,268929,407118,113145,7537,68222,101338,81943,15211,-138189,105608,-33116,66732,824.25,832.5,822.0,824.75,124052
2020-03-24,769458,262187,428289,112668,10068,64547,69262,81654,16592,-166102,102600,-4715,65062,886.75,887.75,872.5,884.0,101830
2020-03-31,793202,274696,460735,109769,15297,72965,50059,85064,18559,-186039,94472,22906,66505,886.0,887.5,875.75,882.5,100917
2020-04-07,821968,287109,477066,112222,19979,72766,55759,91588,15494,-189957,92243,17007,76094,854.75,862.25,854.25,856.0,86188
2020-04-14,837282,289542,484054,112841,20171,74504,63057,102630,17153,-194512,92670,11447,85477,847.0,856.5,845.75,854.75,102334
2020-04-21,844117,287383,472128,114380,19471,75162,80030,106663,18773,-184745,94909,-4868,87890,830.75,833.5,808.25,826.0,85886
2020-04-28,814337,270826,468122,124807,15854,76635,70257,90043,19792,-197296,108953,6378,70251,826.0,835.5,822.5,829.5,63296
2020-05-05,802711,260914,460486,122993,16394,80601,71115,92535,19238,-199572,106599,9486,73297,838.25,838.25,832.5,833.25,543
2020-05-12,849557,277705,501383,123658,17701,94166,63129,94096,21906,-223678,105957,31037,72190,849.25,854.75,847.5,852.75,60
2020-05-19,861248,282992,495720,125289,17125,89101,77116,97642,22026,-212728,108164,11985,75616,842.5,848.5,839.25,846.0,71624
2020-05-26,872254,292737,494973,124183,16810,88348,81334,93754,21909,-202236,107373,7014,71845,847.0,849.0,832.25,832.5,120908
2020-06-02,875645,290821,492502,132707,17284,88069,80935,90864,26162,-201681,115423,7134,64702,850.5,856.0,838.5,840.0,125683
2020-06-09,871756,277181,488834,135423,17789,90891,71759,96396,31419,-211653,117634,19132,64977,863.25,866.5,856.5,864.0,141206
2020-06-16,887070,290531,507391,133343,18671,88850,68971,98645,28322,-216860,114672,19879,70323,867.0,873.0,864.75,870.75,108921
2020-06-23,862796,266646,495028,127591,16405,97017,53989,98137,33151,-228382,111186,43028,64986,875.0,879.0,865.0,876.75,121219
2020-06-30,811476,235956,478300,130695,15643,112444,49078,91112,31607,-242344,115052,63366,59505,884.25,891.0,864.0,865.0,10148
2020-07-07,840495,236313,507997,135647,16382,125810,35192,92325,32434,-271684,119265,90618,59891,895.25,899.25,894.0,894.0,285
2020-07-14,818767,240369,489046,137804,16438,103498,39820,95617,31601,-248677,121366,63678,64016,882.25,882.25,882.25,882.25,30476
2020-07-21,837841,253298,494532,140871,17928,115676,42567,84290,35900,-241234,122943,73109,48390,896.5,902.5,895.0,902.5,28322
2020-07-28,833537,244089,481209,147818,18113,112609,53417,88682,34831,-237120,129705,59192,53851,896.75,903.0,893.0,903.0,45927
2020-08-04,835308,260145,483235,159130,17719,98475,54824,86510,38210,-223090,141411,43651,48300,883.75,893.5,881.0,893.5,1115
2020-08-11,833360,278499,487572,158960,16729,88553,60281,88940,38923,-209073,142231,28272,50017,878.0,879.5,878.0,878.5,275
2020-08-18,839582,241798,517119,158902,17610,134121,27727,71567,39381,-275321,141292,106394,32186,912.0,914.75,908.0,912.0,34101
2020-08-25,843945,247708,527004,153993,18367,135560,31284,66957,27981,-279296,135626,104276,38976,913.75,914.75,905.0,905.0,22496
2020-09-01,871449,230692,554020,155360,20170,180079,22930,68384,33524,-323328,135190,157149,34860,955.0,956.5,945.0,948.0,553
2020-09-08,891905,250931,565236,153176,21197,191087,19819,63331,42170,-314305,131979,171268,21161,973.0,975.75,965.0,975.75,83
2020-09-15,939247,255694,594233,162545,19805,208096,18123,64086,43924,-338539,142740,189973,20162,991.5,1005.75,990.25,1001.0,135852
2020-09-22,974805,253957,605380,169656,19970,223846,12256,60957,53981,-351423,149686,211590,6976,1019.75,1037.0,1013.25,1020.25,169336
2020-09-29,984246,248107,616580,169853,19823,234327,9425,64121,49151,-368473,150030,224902,14970,993.0,997.75,985.75,994.0,120596
2020-10-06,1023352,263717,660698,172350,21713,236869,6123,73563,47026,-396981,150637,230746,26537,1044.0,1053.75,1021.25,1021.5,212107
2020-10-13,1041802,282317,672560,178865,29769,230197,10818,86712,51338,-390243,149096,219379,35374,1044.0,1046.0,1032.5,1034.0,171633
2020-10-20,1036264,288475,687932,180141,31690,231965,4318,85447,53222,-399457,148451,227647,32225,1064.0,1065.75,1051.25,1055.75,120566
2020-10-27,969014,239363,659495,175864,24715,229110,5197,94688,37737,-420132,151149,223913,56951,1082.25,1094.0,1081.75,1086.0,111439
2020-11-03,910994,224198,633464,180491,28752,211552,7276,94872,33257,-409266,151739,204276,61615,1059.0,1068.5,1051.0,1051.0,2656
2020-11-10,925282,220260,644803,176318,29272,214416,2436,105411,35316,-424543,147046,211980,70095,1138.25,1145.25,1102.25,1106.75,582
2020-11-17,929300,224861,646382,170865,23843,207784,7661,112616,36396,-421521,147022,200123,76220,1169.75,1178.25,1156.25,1157.0,148053
2020-11-24,946353,224443,648023,167268,23439,204997,9986,118113,31394,-423580,143829,195011,86719,1191.25,1194.0,1174.0,1190.75,126040
2020-12-01,947968,235646,641079,161859,23556,202216,12999,114337,31225,-405433,138303,189217,83112,1162.0,1176.0,1161.25,1169.25,109296
2020-12-08,937033,245752,627797,145350,23639,193210,15374,116879,25747,-382045,121711,177836,91132,1145.75,1160.25,1142.75,1157.5,176569
2020-12-15,938967,238409,621129,145660,24723,191284,10514,112888,26155,-382720,120937,180770,86733,1184.25,1185.75,1162.0,1170.75,128713
2020-12-21,957607,244512,630018,146609,26019,193242,14890,116312,23426,-385506,120590,178352,92886,1243.25,1244.0,1213.5,1225.25,129147
2020-12-29,896793,232957,599822,142592,26071,194363,14757,106312,25470,-366865,116521,179606,80842,1295.5,1298.75,1245.0,1253.75,43283
2021-01-05,926263,258603,598635,143471,39806,175999,16553,109085,26963,-340032,103665,159446,82122,1350.0,1373.5,1319.25,1319.25,1194
2021-01-12,935394,264892,587297,143663,48186,168507,17966,108327,28011,-322405,95477,150541,80316,1422.0,1430.0,1367.5,1377.25,331
2021-01-19,941826,273706,585064,135787,49383,157227,19731,118908,29717,-311358,86404,137496,89191,1385.75,1421.25,1383.25,1419.0,129335
2021-01-26,934794,275689,591748,132800,48108,162925,14814,116222,27900,-316059,84692,148111,88322,1370.25,1376.5,1333.5,1348.25,116570
2021-02-02,922823,263167,581671,130286,50407,162592,14345,118859,24884,-318504,79879,148247,93975,1354.75,1372.0,1341.5,1366.0,101229
2021-02-09,916791,248907,582705,136635,49745,171311,11767,114902,25271,-333798,86890,159544,89631,1401.75,1409.5,1377.5,1391.0,183992
2021-02-16,910575,252502,564624,133100,49955,161131,11498,112683,26208,-312122,83145,149633,86475,1384.75,1394.0,1373.75,1385.75,115890
2021-02-23,889784,232564,544064,126128,41375,170925,11010,106359,26466,-311500,84753,159915,79893,1406.0,1425.0,1380.75,1383.75,88637
2021-03-02,848466,219538,528177,132870,37909,155364,12035,106986,26653,-308639,94961,143329,80333,1414.0,1416.0,1383.5,1395.0,680
2021-03-09,866929,224721,535489,132965,38066,160226,13688,105648,27441,-310768,94899,146538,78207,1441.25,1443.5,1430.0,1442.25,186
2021-03-16,856153,218767,523794,130646,37670,160017,14815,105514,29185,-305027,92976,145202,76329,1423.25,1425.0,1412.75,1420.0,71215
2021-03-23,853452,214315,521084,128362,37587,164929,13357,105816,29724,-306769,90775,151572,76092,1423.25,1435.0,1414.25,1418.75,108200
2021-03-30,863609,229897,515144,127514,38273,152917,19142,108842,30938,-285247,89241,133775,77904,1366.75,1394.75,1364.25,1393.0,96925
2021-04-06,870313,229139,525053,120343,48439,154809,13666,122125,29465,-295914,71904,141143,92660,1418.75,1431.0,1412.5,1412.75,81203
2021-04-13,885436,233529,518404,118152,49326,147769,17456,122308,28603,-284875,68826,130313,93705,1389.5,1398.75,1378.0,1385.25,119433
2021-04-20,901330,228647,533321,113352,48069,173029,12935,117924,34856,-304674,65283,160094,83068,1472.0,1485.5,1450.0,1450.5,91627
2021-04-27,849061,202064,516104,119897,54321,182691,13840,119119,37337,-314040,65576,168851,81782,1549.75,1608.75,1548.0,1572.25,77706
2021-05-04,806892,181550,497985,122256,46492,178114,15139,124350,39738,-316435,75764,162975,84612,1577.0,1590.75,1571.0,1571.0,1618
2021-05-11,809326,195282,511817,122923,48478,181501,14373,117976,39196,-316535,74445,167128,78780,1637.5,1650.25,1608.25,1614.5,128
2021-05-18,805419,206986,497922,120746,46856,160552,15958,124180,40433,-290936,73890,144594,83747,1574.25,1604.75,1569.0,1588.25,100081
2021-05-25,804827,211608,495861,128249,48442,148454,14797,126955,39557,-284253,79807,133657,87398,1511.75,1538.25,1499.0,1523.75,98163
2021-06-01,807816,207414,495347,124438,49980,144226,14305,132031,37876,-287933,74458,129921,94155,1548.5,1578.5,1537.25,1542.0,97373
2021-06-08,814479,218797,511923,120199,49689,145514,15629,135833,39030,-293126,70510,129885,96803,1580.0,1597.5,1561.5,1571.0,141918
2021-06-15,791507,218792,484799,121894,50195,119644,17402,144223,41072,-266007,71699,102242,103151,1465.75,1488.25,1460.0,1483.5,103081
2021-06-22,757801,228684,456509,111129,49251,95390,15072,143586,42956,-227825,61878,80318,100630,1394.5,1427.25,1393.25,1420.0,67595
2021-06-29,676464,207297,401873,116447,39277,90898,19178,99246,36955,-194576,77170,71720,62291,1359.75,1372.5,1348.0,1370.0,20510
2021-07-06,690273,197868,398084,116726,40173,98546,21245,103617,41654,-200216,76553,77301,61963,1363.75,1420.0,1353.0,1420.0,586
2021-07-13,682359,193892,386524,117055,39948,91477,14916,102829,48750,-192632,77107,76561,54079,1438.0,1449.25,1434.0,1436.0,172
2021-07-20,692028,195800,400553,117119,39905,100773,12152,98550,49492,-204753,77214,88621,49058,1443.5,1452.75,1429.25,1434.25,33664
2021-07-27,667567,191169,385004,121297,39793,100165,12221,88380,50663,-193835,81504,87944,37717,1418.25,1442.75,1412.5,1419.25,22129
2021-08-03,655874,187557,371930,122252,39746,93406,20403,88988,46188,-184373,82506,73003,42800,1392.25,1412.0,1380.5,1409.0,2286
2021-08-10,660007,195430,384872,122078,39122,100014,13106,83121,47633,-189442,82956,86908,35488,1447.5,1460.75,1439.5,1439.5,812
2021-08-17,665803,204997,391619,122613,36584,105558,11852,76981,54283,-186622,86029,93706,22698,1369.0,1386.5,1365.0,1379.5,12021
2021-08-24,684606,225933,398550,128871,36671,98968,20399,76283,53205,-172617,92200,78569,23078,1337.0,1343.5,1294.25,1301.25,25598
2021-08-31,669205,226795,382540,132815,35266,93271,27454,65710,50392,-155745,97549,65817,15318,1298.75,1312.75,1293.0,1310.0,1682
2021-09-07,663939,219453,364580,135439,35147,86702,32402,62146,46209,-145127,100292,54300,15937,1268.75,1292.0,1268.75,1288.0,31
2021-09-14,654989,221572,363850,132590,35914,81710,31266,61406,46095,-142278,96676,50444,15311,1276.5,1283.5,1276.5,1283.5,72169
2021-09-21,660472,231805,364579,129717,36302,77859,32298,61008,45515,-132774,93415,45561,15493,1274.0,1275.5,1257.5,1263.0,78941
2021-09-28,686272,245129,381969,130367,36091,83357,26215,57748,50170,-136840,94276,57142,7578,1277.0,1287.0,1275.0,1286.75,88017
2021-10-05,715835,254582,375006,133285,35453,81450,34305,56097,51841,-120424,97832,47145,4256,1250.5,1256.25,1231.0,1234.25,119391
2021-10-12,759101,288283,394825,131598,34721,74693,50485,59565,41783,-106542,96877,24208,17782,1198.25,1230.75,1194.75,1226.5,183780
2021-10-19,750939,286302,388751,126415,33541,76997,61723,61579,33312,-102449,92874,15274,28267,1228.0,1239.25,1216.25,1220.5,139462
2021-10-26,658960,226088,375460,145054,5859,78820,54060,47229,28759,-149372,139195,24760,18470,1238.0,1246.25,1230.0,1236.25,94349
2021-11-02,620172,202368,367252,149994,4995,91006,47998,44932,29184,-164884,144999,43008,15748,1244.0,1250.25,1234.75,1236.5,2003
2021-11-09,644317,226675,360023,147222,4789,79061,69839,44843,26481,-133348,142433,9222,18362,1199.5,1213.75,1171.25,1178.0,512
2021-11-16,662972,237685,384021,146773,5364,87129,57590,45235,27857,-146336,141409,29539,17378,1251.25,1261.5,1248.5,1255.75,80591
2021-11-23,691303,240271,410559,147217,6102,95484,45216,47537,31591,-170288,141115,50268,15946,1273.0,1279.25,1263.0,1274.25,65548
2021-11-30,671433,240192,400039,146919,4052,82716,51642,46937,22694,-159847,142867,31074,24243,1217.25,1244.75,1214.25,1241.5,132640
2021-12-07,672116,234884,399329,145624,3923,80371,43876,44886,21727,-164445,141701,36495,23159,1250.25,1268.5,1243.0,1262.25,171655
2021-12-14,647243,218052,384382,143094,3929,78854,38403,44715,21945,-166330,139165,40451,22770,1259.5,1267.0,1237.5,1246.0,102492
2021-12-21,654460,196247,406384,143745,5960,101411,27459,50597,21672,-210137,137785,73952,28925,1308.0,1313.5,1286.5,1292.0,81517
2021-12-28,647225,187654,418157,144598,7174,118698,19592,49313,23134,-230503,137424,99106,26179,1359.25,1375.75,1354.0,1360.5,40328
2022-01-04,648148,187600,423919,149123,4697,118780,18496,54382,24110,-236319,144426,100284,30272,1378.75,1380.5,1346.0,1346.0,2450
2022-01-11,678613,183649,441170,158046,5421,126345,19067,55377,24383,-257521,152625,107278,30994,1376.75,1382.0,1365.5,1378.0,57
2022-01-18,692022,187980,442176,167138,5140,127093,28642,52568,23004,-254196,161998,98451,29564,1361.25,1368.75,1349.75,1360.0,124254
2022-01-25,735966,197870,461525,156117,5261,130917,22914,66399,25530,-263655,150856,108003,40869,1407.25,1413.75,1393.25,1405.0,107870
2022-02-01,796285,208281,510460,152379,5777,162619,13175,73353,29424,-302179,146602,149444,43929,1528.5,1539.0,1485.0,1490.0,157814
2022-02-08,832618,216971,532165,145355,6241,175466,11130,79758,34364,-315194,139114,164336,45394,1569.0,1586.5,1559.0,1585.0,176069
2022-02-15,856917,212742,541968,148358,5570,183127,10274,78539,34660,-329226,142788,172853,43879,1551.25,1577.0,1542.25,1569.25,147743
2022-02-22,826824,195965,531508,145062,6274,182575,11191,91437,36357,-335543,138788,171384,55080,1635.0,1641.25,1602.25,1609.0,117091
2022-03-01,758796,166941,497385,149458,8247,175639,9581,89260,36411,-330444,141211,166058,52849,1705.5,1709.0,1648.25,1648.25,1432
2022-03-08,743566,168696,502647,152140,7408,168811,7141,94233,39326,-333951,144732,161670,54907,1704.5,1708.0,1674.25,1674.5,243
2022-03-15,745345,168115,497865,150005,14213,169037,7109,96912,41241,-329750,135792,161928,55671,1658.75,1674.0,1638.0,1674.0,70449
2022-03-22,754382,174339,500725,156139,23399,171042,6794,94149,39761,-326386,132740,164248,54388,1696.5,1720.75,1686.0,1692.75,80750
2022-03-29,755139,187030,495666,153270,23398,160523,9495,93203,37762,-308636,129872,151028,55441,1643.0,1673.0,1622.0,1662.5,107185
2022-04-05,756785,190972,486837,147717,22734,165927,9116,77878,35765,-295865,124983,156811,42113,1631.0,1635.25,1604.25,1605.0,66277
2022-04-12,752157,196448,488084,144520,23578,171513,6864,76252,42606,-291636,120942,164649,33646,1670.25,1682.75,1657.0,1658.75,104828
2022-04-19,762855,195027,490540,144760,24120,176869,5504,73697,44964,-295513,120640,171365,28733,1716.5,1730.0,1705.25,1712.0,71593
2022-04-26,726717,181376,474442,131911,16637,172362,5674,76911,39793,-293066,115274,166688,37118,1705.25,1726.25,1693.25,1704.25,59609
2022-05-03,700856,175440,456946,132169,16016,160502,12491,78853,36462,-281506,116153,148011,42391,1659.0,1688.0,1659.0,1671.5,706
2022-05-10,694454,185294,451801,133839,15030,143822,17271,81438,33381,-266507,118809,126551,48057,1630.0,1641.5,1623.5,1626.0,395
2022-05-17,709144,191123,454198,132106,25968,158732,16703,73179,31561,-263075,106138,142029,41618,1678.0,1684.25,1645.25,1655.0,76915
2022-05-24,729900,193369,462448,135997,25965,172218,13713,63946,34083,-269079,110032,158505,29863,1693.0,1696.75,1673.5,1687.75,78583
2022-05-31,753373,198390,473838,142257,25566,174663,14504,63173,37254,-275448,116691,160159,25919,1683.25,1749.25,1673.75,1737.75,147012
2022-06-07,760444,205268,467379,140282,26561,168458,14804,61437,38447,-262111,113721,153654,22990,1728.25,1732.75,1692.25,1699.25,147738
2022-06-14,754428,216690,484513,139178,27018,169958,11579,59972,35684,-267823,112160,158379,24288,1698.5,1728.25,1697.0,1707.5,100752
2022-06-21,745494,219631,483855,137805,26549,164297,14981,61894,32831,-264224,111256,149316,29063,1681.0,1702.0,1675.75,1695.0,100676
2022-06-28,653337,196492,409169,130903,24931,141235,18620,50145,35567,-212677,105972,122615,14578,1663.75,1668.25,1633.5,1637.0,59698
2022-07-05,638675,186669,384566,128520,24261,130236,28539,60335,36541,-197897,104259,101697,23794,1575.25,1624.25,1572.0,1620.0,2235
2022-07-12,611751,176546,362725,122261,23366,111266,20531,60344,35960,-186179,98895,90735,24384,1592.75,1656.0,1592.5,1650.0,395
2022-07-19,602987,184941,353525,117228,23071,102627,19557,56635,37112,-168584,94157,83070,19523,1477.25,1499.5,1456.0,1498.5,19403
2022-07-26,583850,186912,335787,114997,23695,104602,18640,39106,39827,-148875,91302,85962,-721,1532.75,1535.5,1481.0,1481.0,28936
2022-08-02,572925,179962,336321,115319,24592,111594,11551,34939,42455,-156359,90727,100043,-7516,1569.25,1607.5,1565.0,1589.0,1342
2022-08-09,583208,185424,338807,115472,25060,114484,12130,34049,47502,-153383,90412,102354,-13453,1693.25,1693.25,1632.0,1632.0,427
2022-08-16,595095,200508,339662,112782,25278,113627,12125,31071,49390,-139154,87504,101502,-18319,1454.25,1494.5,1443.75,1490.25,12286
2022-08-23,611218,206676,348953,108821,24903,124157,12812,33201,56710,-142277,83918,111345,-23509,1566.75,1581.0,1528.25,1530.0,13082
2022-08-30,605924,215171,352274,109494,25182,121245,17096,34227,54814,-137103,84312,104149,-20587,1513.0,1538.5,1480.0,1534.5,4540
2022-09-06,606187,215054,348877,108595,25598,116494,16925,35364,53682,-133823,82997,99569,-18318,1490.0,1493.0,1487.5,1493.0,82
2022-09-13,643018,231626,372326,105495,26219,127643,12882,35683,58334,-140700,79276,114761,-22651,1534.25,1556.0,1525.0,1556.0,170
2022-09-20,656310,242997,374273,104608,28817,122949,15465,36840,59551,-131276,75791,107484,-22711,1478.75,1485.5,1450.75,1461.75,107521
2022-09-27,699311,253609,378011,102701,28505,109716,12953,40058,56770,-124402,74196,96763,-16712,1408.0,1437.25,1407.0,1411.25,144461
2022-10-04,677178,261409,376399,100782,25875,94815,17454,43165,53769,-114990,74907,77361,-10604,1383.5,1395.0,1371.75,1373.75,119917
2022-10-11,694960,286752,391767,99869,25468,87130,21524,42157,51994,-105015,74401,65606,-9837,1376.25,1385.25,1365.25,1373.25,126082
2022-10-18,714532,273651,375639,97370,25977,87884,21135,44260,56326,-101988,71393,66749,-12066,1372.0,1390.0,1364.25,1383.0,143267
2022-10-25,651685,242091,352341,99763,24814,94174,18639,32519,50669,-110250,74949,75535,-18150,1382.0,1386.5,1366.0,1372.0,98749
2022-11-01,584073,195431,331208,97743,19852,116757,14460,33398,49173,-135777,77891,102297,-15775,1435.75,1436.5,1403.75,1405.5,5327
2022-11-08,611011,207220,346630,96923,18479,117775,12403,34362,51925,-139410,78444,105372,-17563,1444.0,1446.0,1436.0,1440.75,1250
2022-11-15,616094,214753,347418,102823,19204,112070,16491,31111,49886,-132665,83619,95579,-18775,1457.25,1464.75,1432.5,1440.0,99988
2022-11-22,623227,212726,341376,105338,21127,104981,21145,32388,45985,-128650,84211,83836,-13597,1429.75,1443.5,1428.25,1436.0,69272
2022-11-29,634754,211351,353639,103219,22482,121009,17813,30308,46296,-142288,80737,103196,-15988,1459.5,1468.5,1449.0,1454.75,91119
2022-12-06,622200,205776,338645,100481,27494,128378,27623,32140,43234,-132869,72987,100755,-11094,1455.0,1472.5,1437.0,1437.5,126974
2022-12-13,638744,204117,364469,105926,27585,142109,21657,30221,37614,-160352,78341,120452,-7393,1479.75,1487.75,1460.75,1461.25,145783
2022-12-20,627125,200045,365240,102678,29164,145970,19244,31041,33073,-165195,73514,126726,-2032,1478.5,1486.75,1460.25,1461.75,111696
2022-12-27,595601,184169,351018,97092,30324,148868,19624,30875,26600,-166849,66768,129244,4275,1482.25,1516.75,1478.25,1490.0,61925
2023-01-03,603609,178397,357874,95358,27210,163906,21042,31414,25639,-179477,68148,142864,5775,1487.25,1523.25,1485.0,1519.25,2951
2023-01-10,620659,191168,363944,96815,28205,155310,22663,32527,24846,-172776,68610,132647,7681,1510.0,1518.5,1501.5,1501.5,350
2023-01-17,651328,191386,390841,97483,28818,185361,16981,31470,30785,-199455,68665,168380,685,1539.75,1541.0,1512.5,1518.75,118314
2023-01-24,667416,195115,385300,100681,28441,171256,23618,35073,27489,-190185,72240,147638,7584,1488.5,1506.5,1487.0,1491.5,129464
2023-01-31,689806,206813,418812,103066,28220,193064,17832,29759,26593,-211999,74846,175232,3166,1538.0,1543.75,1524.5,1533.5,126434
2023-02-07,717684,222715,435936,106928,27497,187487,21580,31649,22743,-213221,79431,165907,8906,1515.25,1530.5,1511.0,1521.0,164240
2023-02-14,743026,222108,455219,108781,25443,198281,16333,36954,27016,-233111,83338,181948,9938,1537.5,1544.75,1532.75,1542.0,115529
2023-02-21,731529,204925,436003,104786,23849,201091,14054,38524,32301,-231078,80937,187037,6223,1548.75,1549.0,1535.0,1536.5,115702
2023-02-28,672590,174738,393701,120968,19893,159302,28773,48140,20248,-218963,101075,130529,27892,1490.5,1518.25,1489.5,1518.25,9027
2023-03-07,691538,167477,403305,115272,20805,173671,19047,49081,23506,-235828,94467,154624,25575,1525.25,1538.0,1523.75,1538.0,645
2023-03-14,698188,189271,410998,111277,20031,146732,19386,60082,19434,-221727,91246,127346,40648,1499.75,1502.5,1499.75,1501.0,108201
2023-03-21,696280,183240,414461,108921,19548,134040,23086,76722,15889,-231221,89373,110954,60833,1467.0,1497.0,1465.0,1483.75,101494
2023-03-28,723433,202303,418847,107138,19915,124836,26432,79881,17265,-216544,87223,98404,62616,1467.75,1469.75,1439.75,1441.5,122627
2023-04-04,746111,195635,444758,107747,21891,158658,13359,56091,17045,-249123,85856,145299,39046,1517.5,1523.75,1505.5,1520.0,112285
2023-04-11,716906,192082,427071,109370,22892,143243,18544,71377,16730,-234989,86478,124699,54647,1497.25,1507.5,1486.25,1487.75,156745
2023-04-18,683161,169352,403859,110015,24999,154308,18678,64993,23113,-234507,85016,135630,41880,1519.25,1531.5,1511.0,1515.75,99155
2023-04-25,630935,185466,354213,113241,20985,115735,28603,44348,27384,-168747,92256,87132,16964,1445.25,1471.25,1437.75,1463.5,62592
2023-05-02,601051,185743,332364,116594,18489,106508,51518,47426,27296,-146621,98105,54990,20130,1439.5,1467.0,1437.5,1460.0,634
2023-05-09,618744,204188,339266,114895,18385,106429,56666,43099,28587,-135078,96510,49763,14512,1451.75,1467.75,1448.75,1467.75,327
2023-05-16,642160,218454,322751,113456,20223,100504,78686,46213,29877,-104297,93233,21818,16336,1364.0,1401.75,1358.75,1400.0,149242
2023-05-23,651248,226456,315859,108809,21810,85902,85192,52785,24290,-89403,86999,710,28495,1322.5,1341.25,1315.5,1341.0,111359
2023-05-30,672482,238895,324014,104024,23067,79311,77073,52990,25414,-85119,80957,2238,27576,1296.5,1337.25,1294.25,1337.25,128256
2023-06-06,669123,231977,322417,98595,24244,84268,70316,52450,27247,-90440,74351,13952,25203,1353.25,1364.0,1340.25,1352.0,129813
2023-06-13,660855,233623,339084,96340,27401,101446,51635,46991,33853,-105461,68939,49811,13138,1399.25,1415.5,1371.75,1373.25,161567
2023-06-20,662469,233330,364869,95860,31955,117577,34164,44216,39097,-131539,63905,83413,5119,1477.25,1489.25,1459.75,1472.75,126378
2023-06-27,622093,195720,359314,106467,23102,131435,32372,43499,40713,-163594,83365,99063,2786,1495.0,1524.75,1490.0,1523.0,50206
2023-07-03,610352,192552,341354,101851,24973,126691,36498,43515,42735,-148802,76878,90193,780,1562.0,1616.5,1556.0,1557.25,1870
2023-07-11,622509,201026,352314,98912,24804,124246,40002,46653,40034,-151288,74108,84244,6619,1520.5,1533.5,1515.75,1515.75,209
2023-07-18,659917,205687,362460,101961,26651,131863,36893,53295,40982,-156773,75310,94970,12313,1492.0,1501.0,1474.25,1476.5,26908
2023-07-25,676643,212314,403180,101957,27967,142159,30375,55987,32789,-190866,73990,111784,23198,1515.5,1527.25,1502.75,1521.75,25259
2023-08-01,639859,199532,379297,106037,21654,123434,33118,52449,29005,-179765,84383,90316,23444,1446.75,1465.0,1433.75,1446.5,2092
2023-08-08,628182,208369,365783,112177,18415,102379,39402,47736,27250,-157414,93762,62977,20486,1430.0,1431.25,1395.0,1400.25,382
2023-08-15,638785,225744,360199,110446,19640,92768,43578,45331,29188,-134455,90806,49190,16143,1323.25,1348.75,1319.5,1344.25,15884
2023-08-22,665704,235026,369734,111748,25188,97524,43241,45541,33691,-134708,86560,54283,11850,1351.5,1381.0,1341.75,1369.5,8855
2023-08-29,698855,239937,398482,115828,30973,118276,33384,42998,35728,-158545,84855,84892,7270,1382.0,1394.0,1380.5,1382.75,9140
2023-09-05,716200,241469,395217,117361,32456,114348,37871,47120,36268,-153748,84905,76477,10852,1349.0,1359.5,1348.0,1359.5,85
2023-09-12,740047,238861,392247,116558,31612,110244,42769,52517,34775,-153386,84946,67475,17742,1331.75,1348.75,1331.75,1348.75,274
2023-09-19,773220,258902,390203,116468,28932,88139,49725,56459,32183,-131301,87536,38414,24276,1315.5,1319.75,1308.0,1315.0,138842
2023-09-26,777270,264209,384688,114350,25279,80290,54360,52322,31764,-120479,89071,25930,20558,1302.75,1307.75,1289.0,1299.25,135125
2023-10-03,803439,276258,378652,119901,23387,68267,65880,55533,35417,-102394,96514,2387,20116,1272.75,1278.75,1256.75,1276.5,191994
2023-10-10,821757,288524,392549,115639,21043,67247,70432,62705,36142,-104025,94596,-3185,26563,1271.5,1273.25,1254.25,1263.0,161646
2023-10-17,842086,315348,420461,114227,21163,69982,73394,66430,35913,-105113,93064,-3412,30517,1296.75,1303.5,1285.5,1286.0,135410
2023-10-24,814726,310384,427133,112021,19755,74133,67316,61005,31368,-116749,92266,6817,29637,1295.25,1297.75,1280.5,1287.0,125254
2023-10-31,706923,276019,370212,113005,20625,79383,56260,24245,31108,-94193,92380,23123,-6863,1287.0,1300.0,1276.0,1283.0,7814
2023-11-07,722948,251692,396729,117316,21602,110041,38268,29943,38159,-145037,95714,71773,-8216,1348.75,1366.0,1336.5,1339.5,2165
2023-11-14,738268,248954,413665,117915,22699,129591,34353,30867,39428,-164711,95216,95238,-8561,1368.75,1372.0,1358.5,1372.0,121756
2023-11-21,745196,255405,408819,122647,23010,121835,36013,28733,40749,-153414,99637,85822,-12016,1377.25,1389.25,1364.0,1365.5,131504
2023-11-28,736483,264157,395019,120688,20220,112278,41127,26110,46564,-130862,100468,71151,-20454,1346.5,1350.0,1329.5,1330.25,122211
2023-12-05,715603,262948,372629,123461,16741,89877,52145,26884,44318,-109681,106720,37732,-17434,1305.5,1315.25,1294.0,1307.25,127531
2023-12-12,718648,250111,356005,120870,15192,81782,50035,26078,40286,-105894,105678,31747,-14208,1323.75,1344.0,1320.5,1337.25,151132
2023-12-19,693382,249262,339275,116106,15014,71506,61020,29638,38126,-90013,101092,10486,-8488,1312.5,1328.75,1309.5,1326.5,136922
2023-12-26,637033,230991,316485,119630,13420,68851,57354,28643,52066,-85494,106210,11497,-23423,1313.25,1314.5,1296.0,1299.75,34317
2024-01-02,639490,236596,309357,121166,13067,68765,77635,31045,44103,-72761,108099,-8870,-13058,1274.0,1289.5,1266.0,1289.5,2675
2024-01-09,658250,246238,305027,122628,10219,62565,95842,36672,41444,-58789,112409,-33277,-4772,1241.5,1243.0,1228.75,1238.5,158
2024-01-16,680005,265419,272476,128101,8605,54101,132928,31349,46190,-7057,119496,-78827,-14841,1227.25,1237.75,1220.75,1227.0,140122
2024-01-23,726789,284252,281404,127269,6627,48552,144944,33210,42812,2848,120642,-96392,-9602,1239.5,1240.5,1221.5,1224.25,107718
2024-01-30,755093,307072,278047,131794,4997,42993,144591,34887,73866,29025,126797,-101598,-38979,1218.75,1221.25,1187.75,1193.75,133600
2024-02-06,777099,310226,262645,128783,4444,44605,165768,35654,75308,47581,124339,-121163,-39654,1199.5,1205.5,1193.75,1196.0,104104
2024-02-13,769700,314749,267879,128578,3810,49000,173369,37975,75357,46870,124768,-124369,-37382,1186.25,1197.5,1183.0,1191.75,132884
2024-02-20,804919,335054,288638,129002,3670,53586,180260,47390,81004,46416,125332,-126674,-33614,1179.0,1188.5,1174.0,1177.75,145020
2024-02-27,714761,295206,215120,127145,4281,48431,199461,43930,84132,80086,122864,-151030,-40202,1131.25,1152.25,1128.75,1136.0,79533
2024-03-05,720033,295065,216086,132217,3918,53084,213374,44819,81770,78979,128299,-160290,-36951,1140.75,1147.0,1138.75,1147.0,1080
2024-03-12,743055,306117,242320,131928,4394,58631,205249,40716,74511,63797,127534,-146618,-33795,1182.0,1182.0,1167.0,1167.0,73
2024-03-19,773473,329194,276807,131979,3550,58310,196942,39273,68294,52387,128429,-138632,-29021,1185.5,1192.25,1181.0,1188.0,103620
2024-03-26,803536,333169,297183,132999,2564,58432,181602,40056,70600,35986,130435,-123170,-30544,1199.0,1208.0,1197.75,1207.5,119009
2024-04-02,823372,346223,307415,132861,2529,56757,183775,38632,69654,38808,130332,-127018,-31022,1174.0,1199.75,1171.0,1185.5,173481
2024-04-09,832041,335552,305187,136632,1345,53027,179384,37938,70058,30365,135287,-126357,-32120,1174.5,1184.25,1172.0,1181.5,167029
2024-04-16,867734,352472,305673,134270,1351,45859,201551,48559,64760,46799,132919,-155692,-16201,1145.0,1163.0,1143.25,1157.25,148376
2024-04-23,814420,331932,298760,130873,4723,50620,189298,45810,61702,33172,126150,-138678,-15892,1167.5,1169.0,1158.0,1161.0,112266
2024-04-30,722851,302198,258525,130662,5659,52791,194028,39309,60415,43673,125003,-141237,-21106,1145.5,1163.0,1141.0,1158.75,5743
2024-05-07,743039,278671,324726,132765,12387,82311,112481,41013,70891,-46055,120378,-30170,-29878,1232.25,1240.5,1230.0,1234.5,51
2024-05-14,752796,293668,338419,137708,11353,71749,104082,40390,74032,-44751,126355,-32333,-33642,1199.0,1199.0,1199.0,1199.0,115517
2024-05-21,784815,299105,367069,140773,12680,76100,94119,43957,70920,-67964,128093,-18019,-26963,1236.25,1249.25,1230.0,1246.5,126275
2024-05-28,803411,301036,385917,141240,11631,84788,86335,44900,69261,-84881,129609,-1547,-24361,1229.5,1254.75,1226.25,1250.25,140138
2024-06-04,835855,321463,378612,138737,10296,76076,116877,52000,63188,-57149,128441,-40801,-11188,1179.0,1189.5,1176.0,1184.0,145530
2024-06-11,809104,316749,369740,133481,8105,73899,135278,58727,53693,-52991,125376,-61379,5034,1178.0,1193.0,1177.0,1188.25,160774
2024-06-18,812433,305575,345340,134383,6844,69478,168745,72392,47427,-39765,127539,-99267,24965,1174.0,1175.75,1156.5,1158.25,148950
2024-06-25,758183,281805,295277,139191,7475,70026,196378,62243,47070,-13472,131716,-126352,15173,1163.25,1180.0,1157.75,1175.0,83116
2024-07-02,786077,305544,307301,138226,6658,62710,196476,60337,48785,-1757,131568,-133766,11552,1165.0,1175.0,1159.25,1159.25,1375
2024-07-09,814807,331635,302177,137124,5900,60681,223484,63676,51023,29458,131224,-162803,12653,1161.5,1185.0,1160.0,1177.0,839
2024-07-16,836293,340045,292533,130382,4484,60560,243705,74692,53050,47512,125898,-183145,21642,1090.5,1096.5,1076.75,1076.75,37408
2024-07-23,834895,328598,303609,130374,6127,59309,232254,82106,47584,24989,124247,-172945,34522,1117.5,1129.0,1111.0,1116.5,51623
2024-07-30,779994,325843,265486,123965,5365,50445,220124,61133,59354,60357,118600,-169679,1779,1027.25,1059.0,1023.75,1054.75,16709
2024-08-06,786832,333294,278657,124491,5917,52121,209026,59138,61361,54637,118574,-156905,-2223,1028.5,1038.25,1028.5,1033.0,694
2024-08-13,809131,341770,274337,119992,6246,57074,211875,61248,72170,67433,113746,-154801,-10922,989.0,1003.0,989.0,1003.0,19
2024-08-20,816088,358564,276781,121899,6228,50775,218701,54962,65929,81783,115671,-167926,-10967,957.25,966.25,950.75,955.25,13630
2024-08-27,815642,364231,284483,124588,5389,51944,219459,56828,73579,79748,119199,-167515,-16751,967.5,971.75,957.0,959.0,13636
2024-09-03,828616,377356,314149,128247,6878,51555,198125,59552,75007,63207,121369,-146570,-15455,997.0,1007.5,978.75,978.75,518
2024-09-10,824157,363485,317823,129701,7200,49042,169762,56722,80233,45662,122501,-120720,-23511,977.5,981.75,977.5,980.25,59
2024-09-17,846003,364789,328164,125558,6545,53287,166039,58086,79972,36625,119013,-112752,-21886,1006.0,1011.0,1002.0,1003.75,80303
2024-09-24,857319,355577,362144,130308,8342,64551,140568,54395,71809,-6567,121966,-76017,-17414,1042.25,1058.25,1032.75,1037.0,206134
2024-10-01,865375,354554,375485,132562,10783,85109,116890,44420,86336,-20931,121779,-31781,-41916,1057.25,1065.5,1045.0,1055.75,165015
2024-10-08,882069,364361,401014,130942,10374,93918,112820,50443,82727,-36653,120568,-18902,-32284,1016.25,1039.5,1011.5,1032.5,215735
2024-10-15,948228,401986,432755,134154,9235,96792,137280,57963,82854,-30769,124919,-40488,-24891,991.0,996.0,981.0,995.0,239187
2024-10-22,942741,385380,409762,130173,7739,95543,153610,62294,82522,-24382,122434,-58067,-20228,991.75,997.0,976.75,980.5,185249
2024-10-29,834791,332670,346333,127909,7254,96177,158047,49714,79904,-13663,120655,-61870,-30190,965.25,980.5,965.0,974.75,82001
2024-11-05,845153,326667,342952,131805,7508,99954,156326,51078,83689,-16285,124297,-56372,-32611,993.75,996.75,991.0,992.25,629
2024-11-12,862260,332860,364683,136421,8241,109617,149318,51725,89137,-31823,128180,-39701,-37412,1003.5,1011.75,998.75,1011.75,209
2024-11-19,902539,358409,375158,133843,8017,112061,160583,56073,93882,-16749,125826,-48522,-37809,998.5,1012.75,995.25,1009.75,114559
2024-11-26,909831,359462,362163,132070,6144,106652,165118,53273,100744,-2701,125926,-58466,-47471,983.5,991.25,976.75,980.0,131739
2024-12-03,923030,353510,361766,129280,5371,109442,154902,49455,102479,-8256,123909,-45460,-53024,991.75,999.0,983.5,985.0,135065
2024-12-10,914773,352337,367559,123987,6212,112085,142679,48861,104483,-15222,117775,-30594,-55622,994.75,1000.0,988.5,990.0,162231
2024-12-17,916280,363979,353184,121039,6802,104530,161606,51504,103757,10795,114237,-57076,-52253,976.75,986.25,970.5,982.5,170736
2024-12-24,858415,337687,328013,119709,7098,107921,161721,51539,102657,9674,112611,-53800,-51118,975.25,975.75,966.0,968.25,28802
2024-12-31,810055,316989,334783,122433,8498,114130,139314,46973,91707,-17794,113935,-25184,-44734,998.25,999.5,980.0,980.5,5238
2025-01-07,806968,303693,342975,124259,9757,109641,124037,51299,86904,-39282,114502,-14396,-35605,992.25,993.25,982.5,991.0,265
2025-01-14,825366,287900,397137,142030,14382,138614,80287,47433,91242,-109237,127648,58327,-43809,1043.0,1049.0,1035.0,1043.0,220603
2025-01-21,853697,299843,426309,156268,14927,144412,78491,42843,90215,-126466,141341,65921,-47372,1067.25,1068.0,1039.0,1045.0,215089
2025-01-28,863769,303795,432555,147388,15020,140673,67638,42040,83724,-128760,132368,73035,-41684,1045.0,1050.75,1041.0,1042.75,129003
2025-02-04,890575,312952,450141,148419,16156,135908,63152,46211,81801,-137189,132263,72756,-35590,1075.0,1077.25,1048.25,1057.5,182908
2025-02-11,904578,332956,441527,147646,15692,120695,78474,49667,85107,-108571,131954,42221,-35440,1043.5,1057.0,1041.5,1049.0,149758
2025-02-18,902685,325382,417130,145828,16486,115099,81395,51814,91160,-91748,129342,33704,-39346,1038.5,1041.75,1026.0,1033.0,123334
2025-02-25,828710,298969,387299,149867,15489,111182,87468,49470,83734,-88330,134378,23714,-34264,1031.25,1035.0,1019.5,1029.0,117588
2025-03-04,813417,297819,365330,150767,15752,99542,124067,61812,71570,-67511,135015,-24525,-9758,984.0,1000.25,978.0,995.25,928
2025-03-11,810374,287040,372337,146093,16492,101927,109849,63831,68049,-85297,129601,-7922,-4218,997.75,1006.25,997.0,998.0,66
2025-03-18,830437,278942,371976,148147,15645,97402,115386,69921,60214,-93034,132502,-17984,9707,1012.75,1021.75,1011.25,1015.0,100675
2025-03-25,853368,287691,380080,147137,12611,89649,123470,72064,52653,-92389,134526,-33821,19411,1001.75,1007.75,998.25,1007.0,99523
2025-04-01,853961,272034,380185,145780,12048,102571,106252,56082,55913,-108151,133732,-3681,169,1034.25,1034.75,1010.5,1014.75,167012
2025-04-08,868685,275172,369222,145469,12799,96941,124275,65345,54859,-94050,132670,-27334,10486,992.75,1002.25,982.5,983.25,216115
2025-04-15,815871,269006,416854,137405,16267,123563,80215,59261,52448,-147848,121138,43348,6813,1036.0,1041.25,1030.75,1040.5,126985
2025-04-22,813041,272628,419695,132405,16790,136399,83154,55136,52697,-147067,115615,53245,2439,1035.0,1039.5,1030.0,1030.75,78848
2025-04-29,752688,234187,389261,131956,15858,134677,75749,49490,48945,-155074,116098,58928,545,1041.0,1052.75,1034.75,1051.5,38351
2025-05-06,778000,241720,388000,133496,18174,126245,84517,51401,43744,-146280,115322,41728,7657,1034.75,1038.0,1030.0,1038.0,282
2025-05-13,822498,242025,408222,134590,20369,136702,81035,52118,42607,-166197,114221,55667,9511,1067.25,1071.0,1067.25,1069.0,31
2025-05-20,844860,256476,412072,137833,16953,125737,94407,54302,37719,-155596,120880,31330,16583,1053.0,1056.75,1046.25,1050.75,92812
2025-05-27,859854,261065,441009,135217,16409,141474,80555,53539,41897,-179944,118808,60919,11642,1062.5,1067.75,1059.0,1061.25,85012
2025-06-03,876302,269443,432421,132416,13815,134570,99966,57346,32003,-162978,118601,34604,25343,1040.75,1044.0,1032.75,1034.5,103958
2025-06-10,858945,269397,441960,128236,13791,127770,92699,62613,27288,-172563,114445,35071,35325,1057.75,1063.75,1055.75,1057.25,139464
2025-06-17,846169,272044,442633,119038,18396,137366,75077,58618,35684,-170589,100642,62289,22934,1074.0,1075.25,1063.75,1069.75,132731
2025-06-24,838160,272342,428417,127813,14295,131177,95781,59088,38614,-156075,113518,35396,20474,1046.75,1062.25,1046.25,1055.0,98635
2025-07-01,846236,280982,422361,129243,13461,122465,108564,60280,32848,-141379,115782,13901,27432,1024.75,1026.5,1012.25,1022.0,1119
2025-07-08,845981,286866,422887,126018,12358,119999,112815,62513,31629,-136021,113660,7184,30884,1024.25,1040.5,1024.25,1038.75,239
2025-07-15,881394,310486,426681,126655,10542,118284,135476,68496,36010,-116195,116113,-17192,32486,995.0,1002.5,993.0,997.25,31994
2025-07-22,898005,315560,451482,130461,12950,118238,109129,63883,36959,-135922,117511,9109,26924,1010.25,1017.5,1005.0,1016.0,57095
2025-07-29,852812,311514,408927,138467,13144,106822,131594,55970,41982,-97413,125323,-24772,13988,981.75,990.75,976.75,987.75,51072
2025-08-05,852135,292585,370633,142851,9910,99566,153160,57227,42793,-78048,132941,-53594,14434,969.0,970.25,968.0,969.0,306
2025-08-12,880351,300312,396628,140506,13672,99633,125856,53806,43158,-96316,126834,-26223,10648,1011.75,1011.75,975.0,978.5,157
2025-08-19,894160,320681,447377,140101,17610,97108,98861,58589,37090,-126696,122491,-1753,21499,1013.0,1025.25,1009.75,1021.5,18605
2025-08-26,861446,319776,441698,142532,21253,104112,84967,49663,50619,-121922,121279,19145,-956,1028.75,1034.5,1019.5,1025.0,23442
2025-09-02,862506,322920,447066,139117,21643,101829,90413,55523,45519,-124146,117474,11416,10004,1025.75,1035.0,1019.5,1035.0,1134
2025-09-09,866412,332244,452585,144346,19072,93311,106693,60054,38349,-120341,125274,-13382,21705,1011.5,1011.5,1011.5,1011.5,18
2025-09-16,895633,333805,467640,144628,19086,105484,105296,61867,40868,-133835,125542,188,20999,1049.75,1052.5,1041.75,1043.0,109074
2025-09-23,925006,339671,458105,141750,15945,99535,124277,66409,35919,-118434,125805,-24742,30490,1012.0,1015.5,1005.0,1010.75,147291
2025-09-30,932138,345736,446102,133971,12002,98361,129954,63139,39879,-100366,121969,-31593,23260,1001.75,1009.25,1000.5,1009.25,160384
2025-10-07,943056,340811,482844,134318,13006,117965,114064,68843,32870,-142033,121312,3901,35973,1022.0,1025.5,1016.0,1017.0,153295
2025-10-14,977612,339885,489789,134930,11360,118367,115741,72067,28528,-149904,123570,2626,43539,1006.5,1009.75,1001.0,1007.0,143602
2025-10-21,943984,321540,494434,127362,14222,126339,88846,70319,30196,-172894,113140,37493,40123,1030.75,1038.0,1027.75,1031.75,173746
2025-10-28,878206,258979,512005,138224,22576,170860,50841,71318,34144,-253026,115648,120019,37174,1078.25,1091.5,1065.25,1066.5,136145
2025-11-04,882696,214147,524048,143246,28747,220227,35161,76326,43968,-309901,114499,185066,32358,1108.25,1119.0,1100.75,1116.5,1309
2025-11-10,922039,218222,543043,149311,31761,236417,32941,77995,53345,-324821,117550,203476,24650,1116.0,1116.0,1106.25,1106.25,635
2025-11-18,965793,242309,588300,150454,34345,273089,39612,78073,57460,-345991,116109,233477,20613,1153.5,1169.5,1147.75,1155.5,186560
2025-11-25,948676,245966,581586,150450,33755,246137,20667,74817,60474,-335620,116695,225470,14343,1124.75,1128.75,1117.25,1121.75,115334
2025-12-02,957611,253018,590424,147823,35218,247915,20628,76060,58075,-337406,112605,227287,17985,1124.75,1135.75,1123.25,1126.5,134455
2025-12-09,931309,252820,564790,149337,31578,222358,32233,75945,49965,-311970,117759,190125,25980,1087.25,1094.75,1084.5,1093.75,185665
2025-12-16,880590,237733,529960,144270,27304,196000,41026,77463,39547,-292227,116966,154974,37916,1062.75,1076.25,1059.5,1072.0,138914
2025-12-23,845580,232904,492594,134534,25152,163032,50771,76992,31474,-259690,109382,112261,45518,1051.5,1057.75,1049.75,1053.5,98420
2025-12-30,776599,217842,450777,144587,23541,143980,53972,59863,28060,-232935,121046,90008,31803,1046.25,1053.5,1044.0,1049.5,38187
2026-01-06,782429,218570,437004,147716,19597,123376,57569,66305,27342,-218434,128119,65807,38963,1042.0,1053.0,1042.0,1048.25,527
2026-01-13,814218,245068,416745,148821,16629,111731,91746,64709,25747,-171677,132192,19985,38962,1023.25,1029.75,1023.25,1029.25,83
2026-01-20,836880,261685,427571,142307,16209,104857,90233,68174,24669,-165886,126098,14624,43505,1053.0,1061.75,1052.0,1053.0,113531
2026-01-27,858833,271337,432949,144074,19536,104463,84669,62611,24974,-161612,124538,19794,37637,1067.25,1069.5,1058.5,1060.25,81662
2026-02-03,883178,284551,448476,145154,24501,120511,91358,57459,22445,-163925,120653,29153,35014,1065.75,1071.0,1060.0,1060.5,120567
2026-02-10,935448,293498,524863,153656,41198,170099,54203,63506,33068,-231365,112458,115896,30438,1122.5,1124.0,1106.25,1110.0,189639
2026-02-17,984660,291943,555677,153961,47998,208613,49632,65775,32965,-263734,105963,158981,32810,1134.0,1139.25,1125.75,1132.25,111218
2026-02-24,959299,261105,535557,148561,49637,212701,41309,66788,27908,-274452,98924,171392,38880,1139.5,1141.5,1128.0,1134.5,80634
2026-03-03,987365,244080,541533,157453,48859,235483,47992,67576,33165,-297453,108594,187491,34411,1155.75,1169.25,1149.5,1153.0,1168
2026-03-10,1016277,260190,562345,157893,51353,253566,42112,54024,35210,-302155,106540,211454,18814,1187.25,1191.25,1174.75,1180.0,107
2026-03-17,980259,262475,559371,158086,51691,235016,39795,59618,33773,-296896,106395,195221,25845,1157.0,1170.5,1145.25,1147.0,226253
2026-03-24,959188,267045,561605,162895,50603,227533,36183,54925,31065,-294560,112292,191350,23860,1155.0,1166.75,1153.75,1164.25,110638
2026-03-31,981250,273502,574405,160149,53691,234120,30112,58513,34675,-300903,106458,204008,23838,1171.0,1177.75,1156.0,1159.0,125889
2026-04-07,999742,281521,569580,163341,52454,220334,39029,63175,36021,-288059,110887,181305,27154,1158.25,1170.5,1155.25,1164.75,105838
2026-04-14,999909,288148,574748,165829,52232,206009,37928,71788,38147,-286600,113597,168081,33641,1158.0,1168.5,1156.0,1160.5,129741
2026-04-21,1000958,284381,568393,153010,51904,219043,31470,67158,43585,-284012,101106,187573,23573,1174.5,1178.5,1165.0,1165.5,103908
2026-04-28,907541,246640,517950,158933,53802,205205,28295,54013,36984,-271310,105131,176910,17029,1173.0,1177.75,1167.0,1175.75,91445
2026-05-05,975385,249930,561518,162504,55461,247320,33806,56560,37876,-311588,107043,213514,18684,1195.75,1215.25,1194.5,1215.25,540
2026-05-12,990996,254661,555040,170799,58523,238652,30629,51134,35155,-300379,112276,208023,15979,1213.5,1213.5,1203.0,1204.0,94
2026-05-19,1023176,285609,590413,179923,58385,232512,34475,56039,41838,-304804,121538,198037,14201,1209.5,1220.75,1208.0,1213.0,107278
2026-05-26,1027526,289560,587305,180667,59532,224926,40697,60404,39958,-297745,121135,184229,20446,1186.0,1193.5,1184.5,1192.0,95376
2026-06-02,1054882,285594,568244,176681,58921,218597,62817,68197,36193,-282650,117760,155780,32004,1165.25,1182.75,1163.0,1181.5,150085
2026-06-09,1016125,308816,561486,172749,42199,179591,81732,87815,35211,-252670,130550,97859,52604,1113.75,1118.5,1110.25,1116.25,153585
2026-06-16,1020288,318812,532893,163679,39243,157138,102644,95362,32248,-214081,124436,54494,63114,1130.0,1138.5,1107.5,1119.0,130321
2026-06-23,1006834,315071,516375,164293,35645,142168,105182,95670,31812,-201304,128648,36986,63858,1117.0,1123.75,1114.0,1116.25,99709
2026-06-30,898681,286305,451199,151509,33798,133396,95247,64472,25994,-164894,117711,38149,38478,1116.75,1127.5,1098.75,1109.0,3252
2026-07-07,975954,323470,524759,157963,42259,146672,77093,68946,25718,-201289,115704,69579,43228,1196.75,1200.25,1178.5,1180.5,310
